state,city,organisation,description,costservices_id,addressbook_id,services_id,wef,remarks,tourleaderfree,servicecharges,agentcharges,commissionontransport,cities_id,costservicesdistinct_id,costservicesentrancefees_id,costservices_id,frompax,topax,cost,tourleaderfree,remarks,currencies_id,resident,SpecialGst,nett
Chandigarh,Chandigarh,Summit Adventures,Half-day sightseeing of Chandigarh,6963,2144,00:00.0,2019-10-01T00:00:00,,,,,,165,,2826,6963,1,35,60,0,Rock Garden,13,4,,0
Chandigarh,Chandigarh,Summit Adventures,Half-day sightseeing of Chandigarh,6963,2144,00:00.0,2019-10-01T00:00:00,,,,,,165,,2827,6963,1,35,200,0,Permission to Capitol Complex,13,4,,0
Chandigarh,Chandigarh,Summit Adventures,Full Day Sightseeing of Chandigarh,6964,2144,00:00.0,2019-10-01T00:00:00,,,,0,0,165,,2828,6964,1,35,60,0,Rock Garden,13,4,,0
Chandigarh,Chandigarh,Summit Adventures,Full Day Sightseeing of Chandigarh,6964,2144,00:00.0,2019-10-01T00:00:00,,,,0,0,165,,2829,6964,1,35,200,0,Permission to Capitol Complex,13,4,,0
Delhi,Delhi,Ramico Tours & Travels Pvt. Ltd.,Full-day city tour of Old & New Delhi,7124,2890,00:00.0,2019-10-01T00:00:00,Delhi Guide provided by Kaustubh Holidays in Jaipur,,,,,103,,2946,7124,1,35,500,0,Red Fort,13,2,,0
Delhi,Delhi,Ramico Tours & Travels Pvt. Ltd.,Full-day city tour of Old & New Delhi,7124,2890,00:00.0,2019-10-01T00:00:00,Delhi Guide provided by Kaustubh Holidays in Jaipur,,,,,103,,2947,7124,1,35,30,0,Red Fort,13,1,,0
Delhi,Delhi,Ramico Tours & Travels Pvt. Ltd.,Full-day city tour of Old & New Delhi,7124,2890,00:00.0,2019-10-01T00:00:00,Delhi Guide provided by Kaustubh Holidays in Jaipur,,,,,103,,2948,7124,1,35,100,0,Jama Mashid,13,2,,0
Delhi,Delhi,Ramico Tours & Travels Pvt. Ltd.,Full-day city tour of Old & New Delhi,7124,2890,00:00.0,2019-10-01T00:00:00,Delhi Guide provided by Kaustubh Holidays in Jaipur,,,,,103,,2949,7124,1,35,10,0,Jama Mashid,13,1,,0
Delhi,Delhi,Ramico Tours & Travels Pvt. Ltd.,Full-day city tour of Old & New Delhi,7124,2890,00:00.0,2019-10-01T00:00:00,Delhi Guide provided by Kaustubh Holidays in Jaipur,,,,,103,,2950,7124,1,35,500,0,Humayun's Tomb,13,2,,0
Delhi,Delhi,Ramico Tours & Travels Pvt. Ltd.,Full-day city tour of Old & New Delhi,7124,2890,00:00.0,2019-10-01T00:00:00,Delhi Guide provided by Kaustubh Holidays in Jaipur,,,,,103,,2951,7124,1,35,30,0,Humayun's Tomb,13,1,,0
Delhi,Delhi,Ramico Tours & Travels Pvt. Ltd.,Full-day city tour of Old & New Delhi,7124,2890,00:00.0,2019-10-01T00:00:00,Delhi Guide provided by Kaustubh Holidays in Jaipur,,,,,103,,2952,7124,1,35,500,0,Qutab Minar,13,2,,0
Delhi,Delhi,Ramico Tours & Travels Pvt. Ltd.,Full-day city tour of Old & New Delhi,7124,2890,00:00.0,2019-10-01T00:00:00,Delhi Guide provided by Kaustubh Holidays in Jaipur,,,,,103,,2953,7124,1,35,30,0,Qutab MInar,13,1,,0
Delhi,Delhi,Ramico Tours & Travels Pvt. Ltd.,Full-day city tour of Old & New Delhi,7124,2890,00:00.0,2019-10-01T00:00:00,Delhi Guide provided by Kaustubh Holidays in Jaipur,,,,,103,,2954,7124,1,35,200,0,Tughlakabad,13,2,,0
Delhi,Delhi,Ramico Tours & Travels Pvt. Ltd.,Full-day city tour of Old & New Delhi,7124,2890,00:00.0,2019-10-01T00:00:00,Delhi Guide provided by Kaustubh Holidays in Jaipur,,,,,103,,2955,7124,1,35,15,0,Tughlakabad,13,1,,0
Delhi,Delhi,Ramico Tours & Travels Pvt. Ltd.,Half-day tour of Old Delhi,7122,2890,00:00.0,2019-10-01T00:00:00,Delhi Guide provided by Kaustubh Holidays in Jaipur,,,,,103,,2936,7122,1,35,500,0,Red Fort,13,2,,0
Delhi,Delhi,Ramico Tours & Travels Pvt. Ltd.,Half-day tour of Old Delhi,7122,2890,00:00.0,2019-10-01T00:00:00,Delhi Guide provided by Kaustubh Holidays in Jaipur,,,,,103,,2937,7122,1,35,30,0,Red Fort,13,1,,0
Delhi,Delhi,Ramico Tours & Travels Pvt. Ltd.,Half-day tour of Old Delhi,7122,2890,00:00.0,2019-10-01T00:00:00,Delhi Guide provided by Kaustubh Holidays in Jaipur,,,,,103,,2938,7122,1,35,100,0,Jama Mashid,13,2,,0
Delhi,Delhi,Ramico Tours & Travels Pvt. Ltd.,Half-day tour of Old Delhi,7122,2890,00:00.0,2019-10-01T00:00:00,Delhi Guide provided by Kaustubh Holidays in Jaipur,,,,,103,,2939,7122,1,35,10,0,Jama Mashid,13,1,,0
Delhi,Delhi,Ramico Tours & Travels Pvt. Ltd.,Half-day tour of New Delhi,7123,2890,00:00.0,2019-10-01T00:00:00,Delhi Guide provided by Kaustubh Holidays in Jaipur,,,,,103,,2940,7123,1,35,500,0,Humayun's Tomb,13,2,,0
Delhi,Delhi,Ramico Tours & Travels Pvt. Ltd.,Half-day tour of New Delhi,7123,2890,00:00.0,2019-10-01T00:00:00,Delhi Guide provided by Kaustubh Holidays in Jaipur,,,,,103,,2941,7123,1,35,30,0,Humayun's Tom,13,1,,0
Delhi,Delhi,Ramico Tours & Travels Pvt. Ltd.,Half-day tour of New Delhi,7123,2890,00:00.0,2019-10-01T00:00:00,Delhi Guide provided by Kaustubh Holidays in Jaipur,,,,,103,,2942,7123,1,35,500,0,Qutab Minar,13,2,,0
Delhi,Delhi,Ramico Tours & Travels Pvt. Ltd.,Half-day tour of New Delhi,7123,2890,00:00.0,2019-10-01T00:00:00,Delhi Guide provided by Kaustubh Holidays in Jaipur,,,,,103,,2943,7123,1,35,30,0,Qutab MInar,13,1,,0
Delhi,Delhi,Ramico Tours & Travels Pvt. Ltd.,Half-day tour of New Delhi,7123,2890,00:00.0,2019-10-01T00:00:00,Delhi Guide provided by Kaustubh Holidays in Jaipur,,,,,103,,2944,7123,1,35,100,0,Tughlakabad,13,2,,0
Delhi,Delhi,Ramico Tours & Travels Pvt. Ltd.,Half-day tour of New Delhi,7123,2890,00:00.0,2019-10-01T00:00:00,Delhi Guide provided by Kaustubh Holidays in Jaipur,,,,,103,,2945,7123,1,35,5,0,Tughlakabad,13,1,,0
Delhi,Delhi,Kaustubh Holidays Tours & Travels Pvt Ltd,Half-day tour of New Delhi,6996,2170,00:00.0,2019-10-01T00:00:00,,,0,0,0,103,1397,2860,6996,1,35,30,0,Qutab Minar,13,1,,0
Delhi,Delhi,Kaustubh Holidays Tours & Travels Pvt Ltd,Half-day tour of New Delhi,6996,2170,00:00.0,2019-10-01T00:00:00,,,0,0,0,103,1397,2861,6996,1,35,500,0,Qutab Minar,13,2,,0
Delhi,Delhi,Kaustubh Holidays Tours & Travels Pvt Ltd,Half-day tour of New Delhi,6996,2170,00:00.0,2019-10-01T00:00:00,,,0,0,0,103,1397,2862,6996,1,35,30,0,Humayun's Tomb,13,1,,0
Delhi,Delhi,Kaustubh Holidays Tours & Travels Pvt Ltd,Half-day tour of New Delhi,6996,2170,00:00.0,2019-10-01T00:00:00,,,0,0,0,103,1397,2863,6996,1,35,500,0,Humayun's Tomb,13,2,,0
Delhi,Delhi,Kaustubh Holidays Tours & Travels Pvt Ltd,Half-day tour of Old Delhi,6997,2170,00:00.0,2019-10-01T00:00:00,Red Fort is closed on Mondays  ,,0,0,0,103,1398,2864,6997,1,35,30,0,Red Fort,13,1,,0
Delhi,Delhi,Kaustubh Holidays Tours & Travels Pvt Ltd,Half-day tour of Old Delhi,6997,2170,00:00.0,2019-10-01T00:00:00,Red Fort is closed on Mondays  ,,0,0,0,103,1398,2865,6997,1,35,500,0,Red Fort,13,2,,0
Delhi,Delhi,Kaustubh Holidays Tours & Travels Pvt Ltd,Full-day city tour of Old & New Delhi,6998,2170,00:00.0,2019-10-01T00:00:00,Red Fort is closed on Mondays,,0,0,0,103,1399,2866,6998,1,35,500,0,Red Fort,13,2,,0
Delhi,Delhi,Kaustubh Holidays Tours & Travels Pvt Ltd,Full-day city tour of Old & New Delhi,6998,2170,00:00.0,2019-10-01T00:00:00,Red Fort is closed on Mondays,,0,0,0,103,1399,2867,6998,1,35,30,0,Red Fort,13,1,,0
Delhi,Delhi,Kaustubh Holidays Tours & Travels Pvt Ltd,Full-day city tour of Old & New Delhi,6998,2170,00:00.0,2019-10-01T00:00:00,Red Fort is closed on Mondays,,0,0,0,103,1399,2868,6998,1,35,500,0,Qutab Minar,13,2,,0
Delhi,Delhi,Kaustubh Holidays Tours & Travels Pvt Ltd,Full-day city tour of Old & New Delhi,6998,2170,00:00.0,2019-10-01T00:00:00,Red Fort is closed on Mondays,,0,0,0,103,1399,2869,6998,1,35,30,0,Qutab Minar,13,1,,0
Delhi,Delhi,Kaustubh Holidays Tours & Travels Pvt Ltd,Full-day city tour of Old & New Delhi,6998,2170,00:00.0,2019-10-01T00:00:00,Red Fort is closed on Mondays,,0,0,0,103,1399,2870,6998,1,35,500,0,Humayun's Tomb,13,2,,0
Delhi,Delhi,Kaustubh Holidays Tours & Travels Pvt Ltd,Full-day city tour of Old & New Delhi,6998,2170,00:00.0,2019-10-01T00:00:00,Red Fort is closed on Mondays,,0,0,0,103,1399,2871,6998,1,35,30,0,Humayun's Tomb,13,1,,0
Gujarat,Dasada,Rann Riders,Early morning wildlife safari in the Little Rann of Kutch,7361,2256,00:00.0,2019-10-01T00:00:00,"The park is open all year; October to March is the best time to visit  For birders: November to February, when it is cooler and migratory birds arrive in the thousands  ",,0,0,0,486,1180,2998,7361,1,30,600,0,Entrance to Rann of Kutch,13,4,,0
Gujarat,Dasada,Indo West Tours,Afternoon bird-watching trip,7441,2924,00:00.0,2020-10-01T00:00:00,"Pax should do one jeep safari and one village safari as in that case there is no extra cost. If pax want to do a second safari, then the extra cost is Rs 3,000/- entrance fee per jeep. Entrance fees for a jeep are actually less on weekdays. We have taken the higher amount for our costing.  The park is open all year; October to March is the best time to visit. For birders: November to February, when it is cooler and migratory birds arrive in the thousands.",,,,,486,,3011,7441,1,35,3000,0,2400 during week days,13,4,,0
Gujarat,Dasada,Indo West Tours,Afternoon bird-watching trip,7059,2924,00:00.0,2019-10-01T00:00:00,"Pax should do one jeep safari and one village safari as in that case there is no extra cost. If pax want to do a second safari, then the extra cost is Rs 3,000/- entrance fee per jeep. Entrance fees for a jeep are actually less on weekdays. We have taken the higher amount for our costing.  The park is open all year; October to March is the best time to visit. For birders: November to February, when it is cooler and migratory birds arrive in the thousands.",,,,,486,,2900,7059,1,35,3000,0,2400 during week days,13,4,,0
Gujarat,Ahmedabad,Indo West Tours,Full day city tour of Ahmedabad,7050,2924,00:00.0,2019-10-01T00:00:00,,,,0,0,12,,2895,7050,1,35,200,0,Heritage Walk,13,4,,0
Gujarat,Ahmedabad,Indo West Tours,Full day city tour of Ahmedabad,7050,2924,00:00.0,2019-10-01T00:00:00,,,,0,0,12,,2896,7050,1,35,100,0,Vaishali Museum,13,4,,0
Gujarat,Ahmedabad,Indo West Tours,Full day excursion to Patan & Modhera,7051,2924,00:00.0,2019-10-01T00:00:00,,,,0,0,12,,2897,7051,1,35,600,0,Modera Sun Temple,13,4,,0
Gujarat,Ahmedabad,Indo West Tours,Full day excursion to Patan & Modhera,7051,2924,00:00.0,2019-10-01T00:00:00,,,,0,0,12,,2898,7051,1,35,600,0,Patan Stepwell,13,4,,0
Gujarat,Ahmedabad,Indo West Tours,Half day city tour of Ahmedabad,7053,2924,00:00.0,2019-10-01T00:00:00,,,,0,0,12,,2899,7053,1,35,100,0,Vishala Museum,13,4,,0
Himachal Pradesh,Dharamsala,Summit Adventures,Half-day city tour,6955,2144,00:00.0,2019-10-01T00:00:00,,,0,0,0,112,1044,2824,6955,1,35,250,0,Entrance into monasteries,13,4,,0
Himachal Pradesh,Dharamsala,Summit Adventures,Full-day city tour,6956,2144,00:00.0,2019-10-01T00:00:00,,,0,0,0,112,1045,2825,6956,1,35,250,0,Entrance into monasteries,13,4,,0
Karnataka,Hospet,Krishna Palace,Full-day sightseeing Hampi,7076,2434,00:00.0,2019-10-01T00:00:00,,,0,0,0,156,1243,2901,7076,1,35,500,0, Group of monuments at Hampi,13,4,,0
Karnataka,Hospet,Krishna Palace,Full-day sightseeing Hampi,7076,2434,00:00.0,2019-10-01T00:00:00,,,0,0,0,156,1243,2902,7076,1,35,30,0, Group of monuments at Hampi,13,1,,0
Kerala,Kochi,Travelcart India Pvt Ltd,Half-day city tour of Fort Cochin,7310,2300,00:00.0,2019-10-01T00:00:00,,,0,0,0,87,1087,2984,7310,1,35,100,0,,13,4,,0
Kerala,Munnar,Travelcart India Pvt Ltd,Excursion to Eravikulam National Park and the Tea Museum in Munnar,7335,2300,00:00.0,2019-10-01T00:00:00,,,0,0,0,290,1260,2986,7335,1,10,700,0,,13,2,,0
Kerala,Kovalam,Travelcart India Pvt Ltd,Full-day excursion to Kanyakumari and Padmanabhaupuram,7326,2300,00:00.0,2019-10-01T00:00:00,,,,0,0,233,,2985,7326,1,35,600,0,,13,2,,0
Ladakh,Leh,Rimo Expeditions,"Full-day excursion to Shey, Thiksey and Hemis",7021,199,00:00.0,2019-10-01T00:00:00,,,0,0,0,169,585,2883,7021,1,35,100,0,Hemis monastery,13,4,,0
Ladakh,Leh,Rimo Expeditions,"Full-day excursion to Shey, Thiksey and Hemis",7021,199,00:00.0,2019-10-01T00:00:00,,,0,0,0,169,585,2884,7021,1,35,30,0,Thiksey Monastery,13,4,,0
Ladakh,Leh,Rimo Expeditions,"Full-day excursion to Shey, Thiksey and Hemis",7021,199,00:00.0,2019-10-01T00:00:00,,,0,0,0,169,585,2885,7021,1,35,20,0,Shey Monastery,13,4,,0
Ladakh,Leh,Rimo Expeditions,Afternoon walking tour of Leh,7023,199,00:00.0,2019-10-01T00:00:00,,,,0,0,169,,2886,7023,1,35,100,0,Leh Palace,13,4,,0
Ladakh,Leh,Rimo Expeditions,Afternoon walking tour of Leh,7023,199,00:00.0,2019-10-01T00:00:00,,,,0,0,169,,2887,7023,1,35,30,0,Tsemo monastery,13,4,,0
Ladakh,Leh,Rimo Expeditions,Half-day excursion to Shey & Tikse,7024,199,00:00.0,2019-10-01T00:00:00,,,,0,0,169,,2888,7024,1,35,30,0,Tikse Monastery,13,4,,0
Ladakh,Leh,Rimo Expeditions,Half-day excursion to Shey & Tikse,7024,199,00:00.0,2019-10-01T00:00:00,,,,0,0,169,,2889,7024,1,35,20,0,Shey Monastery,13,4,,0
Ladakh,Lamayuru,Rimo Expeditions,Visit to Lamayuru monastery,7574,199,00:00.0,2020-10-01T00:00:00,,,,,,545,,3021,7574,1,35,20,0,Lamayuru Monastery,13,4,,0
Ladakh,Alchi,Rimo Expeditions,Visit to Alchi Monastery,7563,199,00:00.0,2020-10-01T00:00:00,,,0,0,0,544,1289,3019,7563,1,35,50,0,Alchi Monastery,13,4,,0
Ladakh,Hundar,Rimo Expeditions,Visit to Deskit monastery followed by a camel ride,7569,199,00:00.0,2020-10-01T00:00:00,,,,0,0,542,,3020,7569,1,35,30,0,Deskit monastery,13,4,,0
Ladakh,Leh,Rimo Expeditions,Full-day excursion to Hemis festival,7025,199,00:00.0,2019-10-01T00:00:00,,,,0,0,169,,2890,7025,1,35,100,0,Hemis Monastery,13,4,,0
Ladakh,Hundar,Rimo Expeditions,Visit to Deskit monastery followed by a camel ride,7035,199,00:00.0,2019-10-01T00:00:00,,,,0,0,542,,2892,7035,1,35,30,0,Deskit monastery,13,4,,0
Ladakh,Lamayuru,Rimo Expeditions,Visit to Lamayuru monastery,7041,199,00:00.0,2019-10-01T00:00:00,,,,,,545,,2894,7041,1,35,20,0,Lamayuru Monastery,13,4,,0
Maharashtra,Mumbai,Garha Tours & Travels,Half-day city tour of Mumbai,7377,2216,00:00.0,2019-10-01T00:00:00,,,0,0,0,60,1071,2999,7377,1,35,550,0,Prince of Wales Museum,13,2,,0
Maharashtra,Mumbai,Garha Tours & Travels,Half-day city tour of Mumbai,7377,2216,00:00.0,2019-10-01T00:00:00,,,0,0,0,60,1071,3000,7377,1,35,95,0,Prince of Wales Museum,13,1,,0
Maharashtra,Mumbai,Garha Tours & Travels,Half-day city tour of Mumbai,7377,2216,00:00.0,2019-10-01T00:00:00,,,0,0,0,60,1071,3001,7377,1,35,25,0,Mani Bhawan or Gandhi Museum,13,4,,0
Maharashtra,Mumbai,Garha Tours & Travels,Half day city tour of Mumbai (from suburban hotel),7378,2216,00:00.0,2019-10-01T00:00:00,,,0,0,0,60,1072,3002,7378,1,35,550,0,Prince of Wales Museum,13,2,,0
Maharashtra,Mumbai,Garha Tours & Travels,Half day city tour of Mumbai (from suburban hotel),7378,2216,00:00.0,2019-10-01T00:00:00,,,0,0,0,60,1072,3003,7378,1,35,95,0,Prince of Wales Museum,13,1,,0
Maharashtra,Mumbai,Garha Tours & Travels,Half day city tour of Mumbai (from suburban hotel),7378,2216,00:00.0,2019-10-01T00:00:00,,,0,0,0,60,1072,3004,7378,1,35,25,0,Mani Bhawan or Gandhi Museum,13,4,,0
Maharashtra,Mumbai,Garha Tours & Travels,Half day excursion to Elephanta (from city hotel),7379,2216,00:00.0,2019-10-01T00:00:00,,,0,0,0,60,1350,3005,7379,1,35,660,0,Elephanta Caves,13,2,,0
Maharashtra,Mumbai,Garha Tours & Travels,Half day excursion to Elephanta (from city hotel),7379,2216,00:00.0,2019-10-01T00:00:00,,,0,0,0,60,1350,3006,7379,1,35,50,0,Elephanta Caves,13,1,,0
Maharashtra,Aurangabad,JK Tours and Travels,Full-day excursion to Ajanta,6918,3145,00:00.0,2019-10-01T00:00:00,,,,0,0,173,,2987,6918,1,35,550,0,Ajanta caves,13,2,,0
Maharashtra,Aurangabad,JK Tours and Travels,Full-day excursion to Ajanta,6918,3145,00:00.0,2019-10-01T00:00:00,,,,0,0,173,,2988,6918,1,35,40,0,Ajanta caves,13,1,,0
Maharashtra,Aurangabad,JK Tours and Travels,Half-day city tour of Aurangabad,6919,3145,00:00.0,2019-10-01T00:00:00,,,,0,0,173,,2991,6919,1,35,220,0,Mini Taj,13,2,,0
Maharashtra,Aurangabad,JK Tours and Travels,Half-day city tour of Aurangabad,6919,3145,00:00.0,2019-10-01T00:00:00,,,,0,0,173,,2992,6919,1,35,40,0,Mini Taj,13,1,,0
Maharashtra,Aurangabad,JK Tours and Travels,Half-day city tour of Aurangabad,6919,3145,00:00.0,2019-10-01T00:00:00,,,,0,0,173,,2993,6919,1,35,110,0,Water Mill,13,2,,0
Maharashtra,Aurangabad,JK Tours and Travels,Half-day city tour of Aurangabad,6919,3145,00:00.0,2019-10-01T00:00:00,,,,0,0,173,,2994,6919,1,35,40,0,Water Mill,13,1,,0
Maharashtra,Aurangabad,JK Tours and Travels,Half-day city tour of Aurangabad,6919,3145,00:00.0,2019-10-01T00:00:00,,,,0,0,173,,2995,6919,1,35,220,0,Aurangabad Caves,13,2,,0
Maharashtra,Aurangabad,JK Tours and Travels,Half-day city tour of Aurangabad,6919,3145,00:00.0,2019-10-01T00:00:00,,,,0,0,173,,2996,6919,1,35,40,0,Aurangabad Caves,13,1,,0
Maharashtra,Aurangabad,JK Tours and Travels,Half-day excursion to Ellora,6920,3145,00:00.0,2019-10-01T00:00:00,,,,0,0,173,,2989,6920,1,35,550,0,Ellora caves,13,2,,0
Maharashtra,Aurangabad,JK Tours and Travels,Half-day excursion to Ellora,6920,3145,00:00.0,2019-10-01T00:00:00,,,,0,0,173,,2990,6920,1,35,40,0,Ellora caves,13,1,,0
Madhya Pradesh,Orchha,Colleague Tours Pvt. Ltd.,Half-day tour of Orchha,7308,2136,00:00.0,2019-10-01T00:00:00,,,0,0,0,312,1189,2981,7308,1,35,250,0,Visit the various monuments,13,4,,0
Madhya Pradesh,Orchha,Colleague Tours Pvt. Ltd.,Full day tour of Orchha,7309,2136,00:00.0,2019-10-01T00:00:00,,,0,0,0,312,1190,2982,7309,1,1,250,0,Visit to the various temples & palaces,,2,,0
Madhya Pradesh,Orchha,Colleague Tours Pvt. Ltd.,Full day tour of Orchha,7309,2136,00:00.0,2019-10-01T00:00:00,,,0,0,0,312,1190,2983,7309,1,1,30,0,Visit to the various temples & palaces,13,1,,0
Madhya Pradesh,Bhopal,Radiant Travels Pvt Ltd,Half-day excursion to Bhimbetika,7291,1340,00:00.0,2019-10-01T00:00:00,,0,,0,10,48,351,2980,7291,1,30,10,0,Bhimbetika,13,4,,0
Madhya Pradesh,Indore,Rai Travels Pvt Ltd,Half day city tour of Indore,7244,2274,00:00.0,2019-10-01T00:00:00,Museum & Lal Bagh Palace closed on Mondays & National Holidays  Open from 10 am to 5 pm,,0,0,0,159,1241,2966,7244,1,35,600,0,,13,2,,0
Madhya Pradesh,Indore,Rai Travels Pvt Ltd,Half day city tour of Indore,7244,2274,00:00.0,2019-10-01T00:00:00,Museum & Lal Bagh Palace closed on Mondays & National Holidays  Open from 10 am to 5 pm,,0,0,0,159,1241,2967,7244,1,35,60,0,,13,1,,0
Madhya Pradesh,Indore,Rai Travels Pvt Ltd,Full day excursion to Mandu,7245,2274,00:00.0,2019-10-01T00:00:00,,,0,0,0,159,1242,2968,7245,1,35,900,0,,13,2,,0
Madhya Pradesh,Indore,Rai Travels Pvt Ltd,Full day excursion to Mandu,7245,2274,00:00.0,2019-10-01T00:00:00,,,0,0,0,159,1242,2969,7245,1,35,45,0,,13,1,,0
Madhya Pradesh,Bhopal,Rai Travels Pvt Ltd,Full-day excursion to Sanchi & Udaigiri,7238,2274,00:00.0,2019-10-01T00:00:00,Sanchi Museum Open from 10 am to 5 pm; closed on Fridays and National Holidays.  Videsha Museum Open from 10 am to 5 pm; closed on Mondays and National Holidays.  Sanchi Stupas open all year round from sunrise to sunset.,,0,0,0,48,1078,2960,7238,1,35,600,0,Sanchi Stupas,13,2,,0
Madhya Pradesh,Bhopal,Rai Travels Pvt Ltd,Full-day excursion to Sanchi & Udaigiri,7238,2274,00:00.0,2019-10-01T00:00:00,Sanchi Museum Open from 10 am to 5 pm; closed on Fridays and National Holidays.  Videsha Museum Open from 10 am to 5 pm; closed on Mondays and National Holidays.  Sanchi Stupas open all year round from sunrise to sunset.,,0,0,0,48,1078,2961,7238,1,35,30,0,Sanchi Stupas,13,1,,0
Madhya Pradesh,Bhopal,Rai Travels Pvt Ltd,Full-day excursion to Sanchi & Udaigiri,7238,2274,00:00.0,2019-10-01T00:00:00,Sanchi Museum Open from 10 am to 5 pm; closed on Fridays and National Holidays.  Videsha Museum Open from 10 am to 5 pm; closed on Mondays and National Holidays.  Sanchi Stupas open all year round from sunrise to sunset.,,0,0,0,48,1078,2962,7238,1,35,100,0,Vidisha Museum,13,2,,0
Madhya Pradesh,Bhopal,Rai Travels Pvt Ltd,Full-day excursion to Sanchi & Udaigiri,7238,2274,00:00.0,2019-10-01T00:00:00,Sanchi Museum Open from 10 am to 5 pm; closed on Fridays and National Holidays.  Videsha Museum Open from 10 am to 5 pm; closed on Mondays and National Holidays.  Sanchi Stupas open all year round from sunrise to sunset.,,0,0,0,48,1078,2963,7238,1,35,10,0,Vidisha Museum,13,2,,0
Madhya Pradesh,Bhopal,Rai Travels Pvt Ltd,Half-day excursion to Bhimbetika,7239,2274,00:00.0,2019-10-01T00:00:00,Bhimbetka open all year round from sunrise to sunset.,,0,0,0,48,1079,2964,7239,1,35,100,0,,13,2,,0
Madhya Pradesh,Bhopal,Rai Travels Pvt Ltd,Half-day excursion to Bhimbetika,7239,2274,00:00.0,2019-10-01T00:00:00,Bhimbetka open all year round from sunrise to sunset.,,0,0,0,48,1079,2965,7239,1,35,50,0,,13,1,,0
Madhya Pradesh,Bhopal,Rai Travels Pvt Ltd,Half-day city tour of Bhopal,7237,2274,00:00.0,2019-10-01T00:00:00,Open from 10 am to 5 pm.  Museums closed on Mondays and National Holidays.,,0,0,0,48,1077,2958,7237,1,35,800,0,State Museum & Tribal Museum,13,2,,0
Madhya Pradesh,Bhopal,Rai Travels Pvt Ltd,Half-day city tour of Bhopal,7237,2274,00:00.0,2019-10-01T00:00:00,Open from 10 am to 5 pm.  Museums closed on Mondays and National Holidays.,,0,0,0,48,1077,2959,7237,1,35,200,0,State Museum & Tribal Museum,13,1,,0
Madhya Pradesh,Gwalior,Colleague Tours Pvt. Ltd.,Half-day city tour of Gwalior,7115,2136,00:00.0,2019-10-01T00:00:00,,,0,0,0,146,1273,2930,7115,1,35,350,0,Jai Vilas Palace,13,2,,0
Madhya Pradesh,Gwalior,Colleague Tours Pvt. Ltd.,Half-day city tour of Gwalior,7115,2136,00:00.0,2019-10-01T00:00:00,,,0,0,0,146,1273,2931,7115,1,35,100,0,Fort,13,2,,0
Madhya Pradesh,Gwalior,Colleague Tours Pvt. Ltd.,Half-day city tour of Gwalior,7115,2136,00:00.0,2019-10-01T00:00:00,,,0,0,0,146,1273,2932,7115,1,35,100,0,Archelogy Museum,13,2,,0
Madhya Pradesh,Gwalior,Colleague Tours Pvt. Ltd.,Half-day city tour of Gwalior,7115,2136,00:00.0,2019-10-01T00:00:00,,,0,0,0,146,1273,2933,7115,1,35,60,0,Jai Vilas Palace,13,1,,0
Madhya Pradesh,Gwalior,Colleague Tours Pvt. Ltd.,Half-day city tour of Gwalior,7115,2136,00:00.0,2019-10-01T00:00:00,,,0,0,0,146,1273,2934,7115,1,35,5,0,Gwalior Fort,13,1,,0
Madhya Pradesh,Gwalior,Colleague Tours Pvt. Ltd.,Half-day city tour of Gwalior,7115,2136,00:00.0,2019-10-01T00:00:00,,,0,0,0,146,1273,2935,7115,1,35,10,0,Archelogy Museum,13,1,,0
Madhya Pradesh,Khajuraho,Colleague Tours Pvt. Ltd.,Half-day tour of Khajuraho temples,7104,2136,00:00.0,2019-10-01T00:00:00,,,0,0,0,154,906,2927,7104,1,35,250,0,Western Group of Temples.,13,2,,0
Madhya Pradesh,Khajuraho,Colleague Tours Pvt. Ltd.,Half-day tour of Khajuraho temples,7104,2136,00:00.0,2019-10-01T00:00:00,,,0,0,0,154,906,2928,7104,1,35,30,0,Western Group of Temples.,13,1,,0
Orissa,Bhubaneswar,Travel Link Pvt Ltd,Half-day city tour of Bhubaneshwar temples,7348,778,00:00.0,2019-10-01T00:00:00,,0,,0,0,34,265,2997,7348,1,35,100,0,Rajarani Temple,13,4,,0
Rajasthan,Bharatpur,Birders Inn,Visit to the bird sanctuary,7585,2241,00:00.0,2019-10-01T00:00:00,,,,,,42,,3023,7585,1,35,500,0,,13,2,,0
Rajasthan,Bharatpur,Birders Inn,Visit to the bird sanctuary,7585,2241,00:00.0,2019-10-01T00:00:00,,,,,,42,,3024,7585,1,35,50,0,,13,1,,0
Rajasthan,Karauli,Bhanwar Vilas Palace,Walking tour of Karauli,7411,395,00:00.0,2020-10-01T00:00:00,,0,,0,0,210,411,3009,7411,1,35,400,0,City Palace,13,4,,1
Rajasthan,Karauli,Bhanwar Vilas Palace,Camel cart ride to Old City Palace,7412,395,00:00.0,2020-10-01T00:00:00,,,,0,0,210,,3010,7412,1,35,400,0,City Palace,13,4,,1
Rajasthan,Chittaurgarh,The Padmini Haveli Guesthome,Visit to Chittaurgarh Fort,7393,2778,00:00.0,2019-10-01T00:00:00,,,0,0,0,82,1408,3007,7393,1,15,200,0,Chittorgarh Fort,13,2,,0
Rajasthan,Chittaurgarh,The Padmini Haveli Guesthome,Visit to Chittaurgarh Fort,7393,2778,00:00.0,2019-10-01T00:00:00,,,0,0,0,82,1408,3008,7393,1,15,15,0,Chittorgarh Fort,13,1,,0
Rajasthan,Karauli,Bhanwar Vilas Palace,Walking tour of Karauli,7193,395,00:00.0,2019-10-01T00:00:00,,0,,0,0,210,411,2956,7193,1,35,300,0,City Palace,13,4,,0
Rajasthan,Karauli,Bhanwar Vilas Palace,Camel cart ride to Old City Palace,7194,395,00:00.0,2019-10-01T00:00:00,,,,0,0,210,,2957,7194,1,35,300,0,,13,4,,0
Rajasthan,Bharatpur,Kaustubh Holidays Tours & Travels Pvt Ltd,Visit to the bird sanctuary,6994,2170,00:00.0,2019-10-01T00:00:00,,,0,0,0,42,1191,2858,6994,1,35,500,0,Keoladeo Bird Sanctuary,13,2,,0
Rajasthan,Bharatpur,Kaustubh Holidays Tours & Travels Pvt Ltd,Visit to the bird sanctuary,6994,2170,00:00.0,2019-10-01T00:00:00,,,0,0,0,42,1191,2859,6994,1,35,50,0,Keoladeo Bird Sanctuary,13,1,,0
Rajasthan,Udaipur,Kaustubh Holidays Tours & Travels Pvt Ltd,Morning city tour of Udaipur,7000,2170,00:00.0,2019-10-01T00:00:00,,,0,0,0,407,952,2872,7000,1,35,500,0,City Palace,13,2,,0
Rajasthan,Udaipur,Kaustubh Holidays Tours & Travels Pvt Ltd,Morning city tour of Udaipur,7000,2170,00:00.0,2019-10-01T00:00:00,,,0,0,0,407,952,2873,7000,1,35,10,0,Sahelion Ki Bari,13,4,,0
Rajasthan,Udaipur,Kaustubh Holidays Tours & Travels Pvt Ltd,Morning city tour of Udaipur,7000,2170,00:00.0,2019-10-01T00:00:00,,,0,0,0,407,952,2874,7000,1,35,250,0,City Palace,13,1,,0
Rajasthan,Jaipur,Kaustubh Holidays Tours & Travels Pvt Ltd,Half-day excursion to Amber Fort,6986,2170,00:00.0,2019-10-01T00:00:00,,,0,0,0,176,967,2848,6986,1,35,550,0,Amber Fort,13,2,,0
Rajasthan,Jaipur,Kaustubh Holidays Tours & Travels Pvt Ltd,Half-day excursion to Amber Fort,6986,2170,00:00.0,2019-10-01T00:00:00,,,0,0,0,176,967,2849,6986,1,35,100,0,Amber Fort,13,1,,0
Rajasthan,Jaisalmer,Kaustubh Holidays Tours & Travels Pvt Ltd,Morning walking tour of Jaisalmer,6989,2170,00:00.0,2019-10-01T00:00:00,,,0,0,0,181,979,2850,6989,1,35,15,0,Salim Singh Ki Haveli,13,4,,0
Rajasthan,Jaisalmer,Kaustubh Holidays Tours & Travels Pvt Ltd,Morning walking tour of Jaisalmer,6989,2170,00:00.0,2019-10-01T00:00:00,,,0,0,0,181,979,2851,6989,1,35,50,0,Patwon ki Haveli (Govt portion),13,2,,0
Rajasthan,Jaisalmer,Kaustubh Holidays Tours & Travels Pvt Ltd,Morning walking tour of Jaisalmer,6989,2170,00:00.0,2019-10-01T00:00:00,,,0,0,0,181,979,2852,6989,1,35,10,0,Patwon ki Haveli (Govt portion),13,1,,0
Rajasthan,Jaisalmer,Kaustubh Holidays Tours & Travels Pvt Ltd,Morning walking tour of Jaisalmer,6989,2170,00:00.0,2019-10-01T00:00:00,,,0,0,0,181,979,2853,6989,1,35,150,0,Jain temple on fort,13,2,,0
Rajasthan,Jodhpur,Kaustubh Holidays Tours & Travels Pvt Ltd,Audio-guide tour of Jodhpur's Meherangarh Fort,6990,2170,00:00.0,2019-10-01T00:00:00,,,0,0,0,183,958,2854,6990,1,35,600,0,Meherangarh Fort,13,2,,0
Rajasthan,Jodhpur,Kaustubh Holidays Tours & Travels Pvt Ltd,Audio-guide tour of Jodhpur's Meherangarh Fort,6990,2170,00:00.0,2019-10-01T00:00:00,,,0,0,0,183,958,2855,6990,1,35,100,0,Meherangarh Fort (including audio),13,1,,0
Rajasthan,Jodhpur,Kaustubh Holidays Tours & Travels Pvt Ltd,Audio-guide tour of Jodhpur's Meherangarh Fort,6990,2170,00:00.0,2019-10-01T00:00:00,,,0,0,0,183,958,2856,6990,1,35,50,0,Jaswant Thada,13,2,,0
Rajasthan,Jodhpur,Kaustubh Holidays Tours & Travels Pvt Ltd,Audio-guide tour of Jodhpur's Meherangarh Fort,6990,2170,00:00.0,2019-10-01T00:00:00,,,0,0,0,183,958,2857,6990,1,35,30,0,Jaswant Thada,13,1,,0
Rajasthan,Bikaner,Kaustubh Holidays Tours & Travels Pvt Ltd,Half-day city tour of Bikaner,6983,2170,00:00.0,2019-10-01T00:00:00,,,0,0,0,54,961,2830,6983,1,35,200,0,Junagadh Fort,13,2,,0
Rajasthan,Bikaner,Kaustubh Holidays Tours & Travels Pvt Ltd,Half-day city tour of Bikaner,6983,2170,00:00.0,2019-10-01T00:00:00,,,0,0,0,54,961,2831,6983,1,35,30,0,Junagadh Fort,13,1,,0
Rajasthan,Bikaner,Kaustubh Holidays Tours & Travels Pvt Ltd,Half-day city tour of Bikaner,6983,2170,00:00.0,2019-10-01T00:00:00,,,0,0,0,54,961,2832,6983,1,35,50,0,Camel breeding farm,13,2,,0
Rajasthan,Bikaner,Kaustubh Holidays Tours & Travels Pvt Ltd,Half-day city tour of Bikaner,6983,2170,00:00.0,2019-10-01T00:00:00,,,0,0,0,54,961,2833,6983,1,35,30,0,Camel breeding farm,13,1,,0
Rajasthan,Jaipur,Kaustubh Holidays Tours & Travels Pvt Ltd,Full-day sightseeing of Jaipur and Amber Fort,6984,2170,00:00.0,2019-10-01T00:00:00,,,0,0,0,176,945,2834,6984,1,35,700,0,City Palace,13,2,,0
Rajasthan,Jaipur,Kaustubh Holidays Tours & Travels Pvt Ltd,Full-day sightseeing of Jaipur and Amber Fort,6984,2170,00:00.0,2019-10-01T00:00:00,,,0,0,0,176,945,2835,6984,1,35,190,0,City Palace,13,1,,0
Rajasthan,Jaipur,Kaustubh Holidays Tours & Travels Pvt Ltd,Full-day sightseeing of Jaipur and Amber Fort,6984,2170,00:00.0,2019-10-01T00:00:00,,,0,0,0,176,945,2836,6984,1,35,550,0,Amber Fort,13,2,,0
Rajasthan,Jaipur,Kaustubh Holidays Tours & Travels Pvt Ltd,Full-day sightseeing of Jaipur and Amber Fort,6984,2170,00:00.0,2019-10-01T00:00:00,,,0,0,0,176,945,2837,6984,1,35,100,0,Amber Fort,13,1,,0
Rajasthan,Jaipur,Kaustubh Holidays Tours & Travels Pvt Ltd,Full-day sightseeing of Jaipur and Amber Fort,6984,2170,00:00.0,2019-10-01T00:00:00,,,0,0,0,176,945,2838,6984,1,35,200,0,Jantar Mantar,13,2,,0
Rajasthan,Jaipur,Kaustubh Holidays Tours & Travels Pvt Ltd,Full-day sightseeing of Jaipur and Amber Fort,6984,2170,00:00.0,2019-10-01T00:00:00,,,0,0,0,176,945,2839,6984,1,35,50,0,Jantar Mantar,13,1,,0
Rajasthan,Jaipur,Kaustubh Holidays Tours & Travels Pvt Ltd,Full-day sightseeing of Jaipur and Amber Fort,6984,2170,00:00.0,2019-10-01T00:00:00,,,0,0,0,176,945,2840,6984,1,35,50,0,Hawa Mahal,13,1,,0
Rajasthan,Jaipur,Kaustubh Holidays Tours & Travels Pvt Ltd,Full-day sightseeing of Jaipur and Amber Fort,6984,2170,00:00.0,2019-10-01T00:00:00,,,0,0,0,176,945,2841,6984,1,35,200,0,Hawa Mahal,13,2,,0
Rajasthan,Jaipur,Kaustubh Holidays Tours & Travels Pvt Ltd,Half-day city tour of Jaipur,6985,2170,00:00.0,2019-10-01T00:00:00,,,0,0,0,176,943,2842,6985,1,35,50,0,Hawa Mahal,13,2,,0
Rajasthan,Jaipur,Kaustubh Holidays Tours & Travels Pvt Ltd,Half-day city tour of Jaipur,6985,2170,00:00.0,2019-10-01T00:00:00,,,0,0,0,176,943,2843,6985,1,35,200,0,Hawa Mahal,13,1,,0
Rajasthan,Jaipur,Kaustubh Holidays Tours & Travels Pvt Ltd,Half-day city tour of Jaipur,6985,2170,00:00.0,2019-10-01T00:00:00,,,0,0,0,176,943,2844,6985,1,35,700,0,City Palace,13,2,,0
Rajasthan,Jaipur,Kaustubh Holidays Tours & Travels Pvt Ltd,Half-day city tour of Jaipur,6985,2170,00:00.0,2019-10-01T00:00:00,,,0,0,0,176,943,2845,6985,1,35,190,0,City Palace,13,1,,0
Rajasthan,Jaipur,Kaustubh Holidays Tours & Travels Pvt Ltd,Half-day city tour of Jaipur,6985,2170,00:00.0,2019-10-01T00:00:00,,,0,0,0,176,943,2846,6985,1,35,200,0,Jantar Mantar,13,2,,0
Rajasthan,Jaipur,Kaustubh Holidays Tours & Travels Pvt Ltd,Half-day city tour of Jaipur,6985,2170,00:00.0,2019-10-01T00:00:00,,,0,0,0,176,943,2847,6985,1,35,50,0,Jantar Mantar,13,1,,0
Rajasthan,Karauli,Bhanwar Vilas Palace,Walking tour of Karauli,6899,1882,00:00.0,2019-10-01T00:00:00,,0,0,0,0,210,683,2822,6899,1,35,250,0,City Palace,13,4,,0
Rajasthan,Karauli,Bhanwar Vilas Palace,Camel cart ride to Old City Palace,6900,1882,00:00.0,2019-10-01T00:00:00,,,,0,0,210,,2823,6900,1,35,300,0,City Palace,13,2,,0
Sikkim,Gangtok,Clubside Tours & Travels Pvt Ltd,Excursion to Rumtek Monastery,7260,236,00:00.0,2019-10-01T00:00:00,,,0,0,0,131,632,2973,7260,1,35,10,0,Rumtek Monastery,13,4,,0
Sikkim,Gangtok,Clubside Tours & Travels Pvt Ltd,Excursion to Rumtek Monastery,7260,236,00:00.0,2019-10-01T00:00:00,,,0,0,0,131,632,2974,7260,1,35,20,0,Tibetology,13,4,,0
Sikkim,Gangtok,Clubside Tours & Travels Pvt Ltd,Excursion to Rumtek Monastery,7260,236,00:00.0,2019-10-01T00:00:00,,,0,0,0,131,632,2975,7260,1,35,15,0,Cottage Industry,13,4,,0
Sikkim,Pelling,Clubside Tours & Travels Pvt Ltd,Afternoon visit to Pemyangtse Monastery,7576,236,00:00.0,2020-10-01T00:00:00,,,0,0,0,331,1248,3022,7576,1,35,10,0,Pemayantse Monastery,13,4,,0
Uttar Pradesh,Lucknow,Colleague Tours Pvt. Ltd.,Half-day city tour of Lucknow,7110,2136,00:00.0,2019-10-01T00:00:00,,,0,0,0,251,1278,2929,7110,1,35,150,0,Residency,13,4,,0
Uttar Pradesh,Agra,Colleague Tours Pvt. Ltd.,Visit to the Taj Mahal & Red Fort,7093,2136,00:00.0,2019-10-01T00:00:00,,,0,0,0,2,964,2903,7093,1,35,1300,0,Taj Mahal  - No entry fee for children below the age of 15 years (both Indian and Foreigner).,13,2,,0
Uttar Pradesh,Agra,Colleague Tours Pvt. Ltd.,Visit to the Taj Mahal & Red Fort,7093,2136,00:00.0,2019-10-01T00:00:00,,,0,0,0,2,964,2904,7093,1,35,250,0,Taj Mahal - No entry fee for children below the age of 15 years (both Indian and Foreigner).,13,1,,0
Uttar Pradesh,Agra,Colleague Tours Pvt. Ltd.,Visit to the Taj Mahal & Red Fort,7093,2136,00:00.0,2019-10-01T00:00:00,,,0,0,0,2,964,2905,7093,1,35,650,0,Agra Fort - No entry fee for children below the age of 15 years (both Indian and Foreigner).,13,2,,0
Uttar Pradesh,Agra,Colleague Tours Pvt. Ltd.,Visit to the Taj Mahal & Red Fort,7093,2136,00:00.0,2019-10-01T00:00:00,,,0,0,0,2,964,2906,7093,1,35,50,0,Agra Fort - No entry fee for children below the age of 15 years (both Indian and Foreigner).,13,1,,0
Uttar Pradesh,Agra,Colleague Tours Pvt. Ltd.,Visit to the Taj Mahal & Red Fort,7093,2136,00:00.0,2019-10-01T00:00:00,,,0,0,0,2,964,2907,7093,1,35,200,0,entry to Main Mausoleum of Taj Mahal (Part of Taj Mahal),13,2,,0
Uttar Pradesh,Agra,Colleague Tours Pvt. Ltd.,Excursion to Fatehpur Sikri,7094,2136,00:00.0,2019-10-01T00:00:00,,,0,0,0,2,1065,2908,7094,1,35,610,0,Fatehpur Sikri - No entry fee for children below the age of 15 years (both Indian and Foreigner).,13,2,,0
Uttar Pradesh,Agra,Colleague Tours Pvt. Ltd.,Excursion to Fatehpur Sikri,7094,2136,00:00.0,2019-10-01T00:00:00,,,0,0,0,2,1065,2909,7094,1,35,50,0,Fatehpur Sikri - No entry fee for children below the age of 15 years (both Indian and Foreigner).,13,1,,0
Uttar Pradesh,Agra,Colleague Tours Pvt. Ltd.,Early morning visit on your own to the Taj Mahal,7095,2136,00:00.0,2019-10-01T00:00:00,,,,0,0,2,,2910,7095,1,35,1300,0,Taj Mahal - No entry fee for children below the age of 15 years (both Indian and Foreigner).,13,2,,0
Uttar Pradesh,Agra,Colleague Tours Pvt. Ltd.,Early morning visit on your own to the Taj Mahal,7095,2136,00:00.0,2019-10-01T00:00:00,,,,0,0,2,,2911,7095,1,35,250,0,Taj Mahal,13,1,,0
Uttar Pradesh,Agra,Colleague Tours Pvt. Ltd.,Early morning visit on your own to the Taj Mahal,7095,2136,00:00.0,2019-10-01T00:00:00,,,,0,0,2,,2912,7095,1,35,200,0,entry to Main Mausoleum of Taj Mahal (Part of Taj Mahal),13,2,,0
Uttar Pradesh,Agra,Colleague Tours Pvt. Ltd.,Afternoon guided tour of Agra's other monuments,7096,2136,00:00.0,2019-10-01T00:00:00,,,,0,0,2,,2913,7096,1,35,650,0,Agra Fort - No entry fee for children below the age of 15 years (both Indian and Foreigner).,13,2,,0
Uttar Pradesh,Agra,Colleague Tours Pvt. Ltd.,Afternoon guided tour of Agra's other monuments,7096,2136,00:00.0,2019-10-01T00:00:00,,,,0,0,2,,2914,7096,1,35,50,0,Agra Fort - No entry fee for children below the age of 15 years (both Indian and Foreigner).,13,1,,0
Uttar Pradesh,Agra,Colleague Tours Pvt. Ltd.,Afternoon guided tour of Agra's other monuments,7096,2136,00:00.0,2019-10-01T00:00:00,,,,0,0,2,,2915,7096,1,35,310,0,Itamud-ud-Daulah - No entry fee for children below the age of 15 years (both Indian and Foreigner).,13,2,,0
Uttar Pradesh,Agra,Colleague Tours Pvt. Ltd.,Afternoon guided tour of Agra's other monuments,7096,2136,00:00.0,2019-10-01T00:00:00,,,,0,0,2,,2916,7096,1,35,50,0,Itamud-ud-Daulah - No entry fee for children below the age of 15 years (both Indian and Foreigner).,13,1,,0
Uttar Pradesh,Agra,Colleague Tours Pvt. Ltd.,Afternoon guided tour of Agra's other monuments,7096,2136,00:00.0,2019-10-01T00:00:00,,,,0,0,2,,2917,7096,1,35,300,0,Mehtab Bagh - No entry fee for children below the age of 15 years (both Indian and Foreigner).,13,2,,0
Uttar Pradesh,Agra,Colleague Tours Pvt. Ltd.,Afternoon guided tour of Agra's other monuments,7096,2136,00:00.0,2019-10-01T00:00:00,,,,0,0,2,,2918,7096,1,35,50,0,Mehtab Bagh - No entry fee for children below the age of 15 years (both Indian and Foreigner).,13,1,,0
Uttar Pradesh,Agra,Colleague Tours Pvt. Ltd.,Day trip from Delhi to Agra by Gatimaan Express train,7098,2136,00:00.0,2019-10-01T00:00:00,,,,0,0,2,,2919,7098,1,35,1300,0,Taj Mahal  - No entry fee for children below the age of 15 years (both Indian and Foreigner).,13,2,,0
Uttar Pradesh,Agra,Colleague Tours Pvt. Ltd.,Day trip from Delhi to Agra by Gatimaan Express train,7098,2136,00:00.0,2019-10-01T00:00:00,,,,0,0,2,,2920,7098,1,35,250,0,Taj Mahal  - No entry fee for children below the age of 15 years (both Indian and Foreigner).,13,1,,0
Uttar Pradesh,Agra,Colleague Tours Pvt. Ltd.,Day trip from Delhi to Agra by Gatimaan Express train,7098,2136,00:00.0,2019-10-01T00:00:00,,,,0,0,2,,2921,7098,1,35,650,0,Agra Fort - No entry fee for children below the age of 15 years (both Indian and Foreigner).,13,2,,0
Uttar Pradesh,Agra,Colleague Tours Pvt. Ltd.,Day trip from Delhi to Agra by Gatimaan Express train,7098,2136,00:00.0,2019-10-01T00:00:00,,,,0,0,2,,2922,7098,1,35,50,0,Agra Fort - No entry fee for children below the age of 15 years (both Indian and Foreigner).,13,1,,0
Uttar Pradesh,Agra,Colleague Tours Pvt. Ltd.,Day trip from Delhi to Agra by Gatimaan Express train,7098,2136,00:00.0,2019-10-01T00:00:00,,,,0,0,2,,2923,7098,1,35,200,0,entry to Main Mausoleum of Taj Mahal (Part of Taj Mahal),13,2,,0
Uttar Pradesh,Agra,Colleague Tours Pvt. Ltd.,Early morning guided visit to the Taj,7099,2136,00:00.0,2019-10-01T00:00:00,,,,0,0,2,,2924,7099,1,35,1300,0,Taj Mahal,13,2,,0
Uttar Pradesh,Agra,Colleague Tours Pvt. Ltd.,Early morning guided visit to the Taj,7099,2136,00:00.0,2019-10-01T00:00:00,,,,0,0,2,,2925,7099,1,35,250,0,Taj Mahal,13,1,,0
Uttar Pradesh,Agra,Colleague Tours Pvt. Ltd.,Early morning guided visit to the Taj,7099,2136,00:00.0,2019-10-01T00:00:00,,,,0,0,2,,2926,7099,1,35,200,0,entry to Main Mausoleum of Taj Mahal (Part of Taj Mahal),13,2,,0
West Bengal,Darjeeling,Clubside Tours & Travels Pvt Ltd,Early morning trip to Tiger Hill & Ghoom Monastery,7251,236,00:00.0,2019-10-01T00:00:00,,,0,0,0,99,35,2970,7251,1,35,40,0,Pavilion fee at Tiger Hill,13,4,,0
West Bengal,Darjeeling,Clubside Tours & Travels Pvt Ltd,"Half-day tour of Himalayan Mountaineering Institute, Zoo and Tibetan Refugee Centre",7252,236,00:00.0,2019-10-01T00:00:00,,,0,0,0,99,1049,2971,7252,1,35,100,0,Himalayan Mountaineering Institute & the Zoo,13,4,,0
West Bengal,Darjeeling,Clubside Tours & Travels Pvt Ltd,Half-day Tea Garden tour,7461,236,00:00.0,2020-10-01T00:00:00,Monday and winters Nov-Mar (depending on rainfall),,,0,0,99,,3018,7461,1,35,100,0,,13,4,,0
West Bengal,Darjeeling,Clubside Tours & Travels Pvt Ltd,"Half-day tour of Himalayan Mountaineering Institute, Zoo and Tibetan Refugee Centre",7454,236,00:00.0,2020-10-01T00:00:00,,,0,0,0,99,1049,3017,7454,1,35,100,0,Himalayan Mountaineering Institute & the Zoo,13,4,,0
West Bengal,Kolkata,Clubside Tours & Travels - Kolkata,Half-day city tour of Kolkata,7452,2683,00:00.0,2020-10-01T00:00:00,,,0,0,0,69,1363,3012,7452,1,35,40,0,St John's Church,13,4,,0
West Bengal,Kolkata,Clubside Tours & Travels - Kolkata,Half-day city tour of Kolkata,7452,2683,00:00.0,2020-10-01T00:00:00,,,0,0,0,69,1363,3013,7452,1,35,40,0,Jain Temple,13,4,,0
West Bengal,Kolkata,Clubside Tours & Travels - Kolkata,Half-day city tour of Kolkata,7452,2683,00:00.0,2020-10-01T00:00:00,,,0,0,0,69,1363,3014,7452,1,35,30,0,Kumartuli,13,4,,0
West Bengal,Kolkata,Clubside Tours & Travels - Kolkata,Half-day city tour of Kolkata,7452,2683,00:00.0,2020-10-01T00:00:00,,,0,0,0,69,1363,3015,7452,1,35,70,0,Indian Coffee House,13,4,,0
West Bengal,Darjeeling,Clubside Tours & Travels Pvt Ltd,Early morning trip to Tiger Hill & Ghoom Monastery,7453,236,00:00.0,2020-10-01T00:00:00,,,0,0,0,99,35,3016,7453,1,35,40,0,Pavilion fee at Tiger Hill,13,4,,0
West Bengal,Darjeeling,Clubside Tours & Travels Pvt Ltd,Half-day Tea Garden tour,7259,236,00:00.0,2019-10-01T00:00:00,Monday and winters Nov-Mar (depending on rainfall),,,0,0,99,,2972,7259,1,35,100,0,,13,4,,0
West Bengal,Kolkata,Clubside Tours & Travels - Kolkata,Half-day city tour of Kolkata,7262,2683,00:00.0,2019-10-01T00:00:00,,,0,0,0,69,1363,2976,7262,1,35,40,0,St John's Church,13,4,,0
West Bengal,Kolkata,Clubside Tours & Travels - Kolkata,Half-day city tour of Kolkata,7262,2683,00:00.0,2019-10-01T00:00:00,,,0,0,0,69,1363,2977,7262,1,35,40,0,Jain Temple,13,4,,0
West Bengal,Kolkata,Clubside Tours & Travels - Kolkata,Half-day city tour of Kolkata,7262,2683,00:00.0,2019-10-01T00:00:00,,,0,0,0,69,1363,2978,7262,1,35,30,0,Kumartuli,13,4,,0
West Bengal,Kolkata,Clubside Tours & Travels - Kolkata,Half-day city tour of Kolkata,7262,2683,00:00.0,2019-10-01T00:00:00,,,0,0,0,69,1363,2979,7262,1,35,70,0,Indian Coffee House,13,4,,0
