state,city,description,wef,remarks
Andaman & Nicobar,Port Blair,Transfer from airport to Havelock Island by ferry boat,2020-10-01T00:00:00,"Pick up at Port Blair Airport + Drop at jetty to board ferry + Ferry ticket charges+ Pickup at Havelock jetty + Drop to Barefoot resort {11 kms}   Please note that upon arrival at Port Blair by flight, you can proceed straight to Havelock only if your flight lands at Port Blair before 12.00hrs,  as the last ferry from Port Blair to Havelock departs at 1345hrs. "
Andaman & Nicobar,Port Blair,Transfer from Havelock Island to Port Blair by ferry,2020-10-01T00:00:00,"Drop back to jetty at Havelock + Ferry ticket charges + Pickup from jetty at Port Blair + Drop to chosen hotel in Port Blair (within city limits) + Pickup from hotel (within city limits) + Drop to Airport  On the return journey, from Havelock to Port Blair, you may need to stay the previous night at Port Blair if your flight departs before 14:20hrs as earlier departures are not met in time by returning ferry from Havelock. "
Assam,Kaziranga,Morning and afternoon jeep safaris in Central and Western Range,2019-10-01T00:00:00,
Bihar,Bodh Gaya,Half-day tour of Bodh Gaya,2019-10-01T00:00:00,
Bihar,Bodh Gaya,Full day tour of Bodh Gaya,2019-10-01T00:00:00,
Chandigarh,Chandigarh,Transfer from airport to hotel,2019-10-01T00:00:00,
Chandigarh,Chandigarh,Transfer from hotel to airport,2019-10-01T00:00:00,
Chandigarh,Chandigarh,Transfer from hotel to railway station,2019-10-01T00:00:00,
Chandigarh,Chandigarh,Transfer from railway station to hotel,2019-10-01T00:00:00,
Chandigarh,Chandigarh,Half-day sightseeing of Chandigarh,2019-10-01T00:00:00,
Chandigarh,Chandigarh,Full Day Sightseeing of Chandigarh,2019-10-01T00:00:00,
Delhi,Delhi,Transfer from International airport to hotel,2020-03-01T00:00:00,Meet & Assist by Rimo Expeditions
Delhi,Delhi,Transfer from hotel to International airport,2020-03-01T00:00:00,Meet & Assist by Rimo Expeditions
Delhi,Delhi,Transfer from Domestic airport to hotel,2020-03-01T00:00:00,Meet & Assist by Rimo Expeditions
Delhi,Delhi,Transfer from hotel to Domestic airport,2020-03-01T00:00:00,Meet & Assist by Rimo Expeditions
Delhi,Delhi,Transfer from railway station to hotel,2020-03-01T00:00:00,Meet & Assist by Rimo Expeditions
Delhi,Delhi,Transfer from hotel to railway station,2020-03-01T00:00:00,Meet & Assist by Rimo Expeditions
Delhi,Delhi,Full-day city tour of Old & New Delhi,2019-10-01T00:00:00,Delhi Guide provided by Kaustubh Holidays in Jaipur
Delhi,Delhi,Full-day tour of New Delhi,2019-10-01T00:00:00,Delhi Guide provided by Kaustubh Holidays in Jaipur
Delhi,Delhi,Transfer from Domestic airport to hotel,2019-10-01T00:00:00,Meet & Assist by Rimo Expeditions
Delhi,Delhi,Transfer from hotel to Domestic airport,2019-10-01T00:00:00,Meet & Assist by Rimo Expeditions
Delhi,Delhi,Transfer from railway station to hotel,2019-10-01T00:00:00,Meet & Assist by Rimo Expeditions
Delhi,Delhi,Transfer from hotel to railway station,2019-10-01T00:00:00,Meet & Assist by Rimo Expeditions
Delhi,Delhi,Half-day tour of Old Delhi,2019-10-01T00:00:00,Delhi Guide provided by Kaustubh Holidays in Jaipur
Delhi,Delhi,Half-day tour of New Delhi,2019-10-01T00:00:00,Delhi Guide provided by Kaustubh Holidays in Jaipur
Delhi,Delhi,Full day tour of Old Delhi by metro & rickshaw,2019-10-01T00:00:00,
Delhi,Delhi,Transfer from International airport to hotel,2019-10-01T00:00:00,Meet & Assist by Rimo Expeditions
Delhi,Delhi,Transfer from hotel to International airport,2019-10-01T00:00:00,Meet & Assist by Rimo Expeditions
Delhi,Delhi,Delhi by cycle (Yamuna Tour),2019-10-01T00:00:00,
Delhi,Delhi,Delhi by cycle (Nizamuddin tour),2019-10-01T00:00:00,
Delhi,Delhi,Half-day tour of Old Delhi by metro & rickshaw,2019-10-01T00:00:00,Red Fort is closed on Mondays
Delhi,Delhi,Half-day tour of New Delhi,2019-10-01T00:00:00,
Delhi,Delhi,Half-day tour of Old Delhi,2019-10-01T00:00:00,Red Fort is closed on Mondays  
Delhi,Delhi,Full-day city tour of Old & New Delhi,2019-10-01T00:00:00,Red Fort is closed on Mondays
Delhi,Delhi,Delhi by cycle (Shah Jahan Tour),2019-10-01T00:00:00,
Goa,Goa,Transfer from airport to hotel,2019-10-01T00:00:00,"Driver batta will be additional Rs 200 before 7am or after 7pm  The above rates are not applicable from 20 Dec to 03 Jan - airport transfer standard car Rs 2,000/-; innova: Rs 2,500/-  "
Goa,Goa,Transfer from hotel to airport,2019-10-01T00:00:00,"Driver batta will be additional Rs 200 before 7am or after 7pm  The above rates are not applicable from 20 Dec to 03 Jan - airport transfer standard car Rs 2,000/-; innova: Rs 2,500/-  "
Goa,Goa,Transfer from hotel to Margao railway station,2019-10-01T00:00:00,Driver batta will be additional Rs 200 before 7am or after 7pm  The above rates are not applicable from 20 Dec to 03 Jan  
Goa,Goa,Transfer from Margao railway station to hotel,2019-10-01T00:00:00,Driver batta will be additional Rs 200 before 7am or after 7pm  The above rates are not applicable from 20 Dec to 03 Jan  
Goa,Goa,Transfer from Thivim railway station to hotel,2019-10-01T00:00:00,Driver batta will be additional Rs 200 before 7am or after 7pm  The above rates are not applicable from 20 Dec to 03 Jan  
Goa,Goa,Transfer from hotel to Thivim railway station,2019-10-01T00:00:00,Driver batta will be additional Rs 200 before 7am or after 7pm  The above rates are not applicable from 20 Dec to 03 Jan  
Goa,Goa,Transfer from hotel to Thivim railway station,2020-01-04T00:00:00,Driver batta will be additional Rs 200 before 7am or after 7pm  The above rates are not applicable from 20 Dec to 03 Jan  
Goa,Goa,Transfer Panjim-Quepem-Netraviali,2020-01-04T00:00:00,
Goa,Goa,Transfer from hotel to Vasco railway station,2020-01-04T00:00:00,
Goa,Goa,Transfer from Vasco railway station to hotel,2020-01-04T00:00:00,
Goa,Goa,Half-day city tour of Panjim and the Churches of Old Goa,2020-01-04T00:00:00,The above rates are not applicable from 23 Dec to 03 Jan
Goa,Goa,Half-day city tour of Panjim and the Churches of Old Goa,2019-12-23T00:00:00,
Goa,Goa,Transfer from airport to hotel,2020-01-04T00:00:00,"Driver batta will be additional Rs 200 before 7am or after 7pm  The above rates are not applicable from 20 Dec to 03 Jan - airport transfer standard car Rs 2,000/-; innova: Rs 2,500/-  "
Goa,Goa,Transfer from hotel to airport,2020-01-04T00:00:00,"Driver batta will be additional Rs 200 before 7am or after 7pm  The above rates are not applicable from 20 Dec to 03 Jan - airport transfer standard car Rs 2,000/-; innova: Rs 2,500/-  "
Goa,Goa,Transfer from hotel to Margao railway station,2020-01-04T00:00:00,Driver batta will be additional Rs 200 before 7am or after 7pm  The above rates are not applicable from 20 Dec to 03 Jan  
Goa,Goa,Transfer from Margao railway station to hotel,2020-01-04T00:00:00,Driver batta will be additional Rs 200 before 7am or after 7pm  The above rates are not applicable from 20 Dec to 03 Jan  
Goa,Goa,Transfer from Thivim railway station to hotel,2020-01-04T00:00:00,Driver batta will be additional Rs 200 before 7am or after 7pm  The above rates are not applicable from 20 Dec to 03 Jan  
Goa,Goa,Transfer from Margao railway station to hotel,2019-12-23T00:00:00,Driver batta will be additional Rs 200 before 7am or after 7pm  The above rates are not applicable from 20 Dec to 03 Jan  
Goa,Goa,Transfer from Thivim railway station to hotel,2019-12-23T00:00:00,Driver batta will be additional Rs 200 before 7am or after 7pm  The above rates are not applicable from 20 Dec to 03 Jan  
Goa,Goa,Transfer from hotel to Thivim railway station,2019-12-23T00:00:00,Driver batta will be additional Rs 200 before 7am or after 7pm  The above rates are not applicable from 20 Dec to 03 Jan  
Goa,Goa,Transfer Panjim-Quepem-Netraviali,2019-12-23T00:00:00,
Goa,Goa,Transfer from hotel to Vasco railway station,2019-12-23T00:00:00,
Goa,Goa,Transfer from Vasco railway station to hotel,2019-12-23T00:00:00,
Goa,Goa,Transfer from Dwarka Beach Resort to airport,2019-10-01T00:00:00,
Goa,Goa,Transfer from hotel to Margao railway station,2019-10-01T00:00:00,
Goa,Goa,Transfer from Margao railway station to hotel,2019-10-01T00:00:00,
Goa,Goa,Transfer from airport to hotel,2019-12-23T00:00:00,"Driver batta will be additional Rs 200 before 7am or after 7pm  The above rates are not applicable from 20 Dec to 03 Jan - airport transfer standard car Rs 2,000/-; innova: Rs 2,500/-  "
Goa,Goa,Transfer from hotel to airport,2019-12-23T00:00:00,"Driver batta will be additional Rs 200 before 7am or after 7pm  The above rates are not applicable from 20 Dec to 03 Jan - airport transfer standard car Rs 2,000/-; innova: Rs 2,500/-  "
Goa,Goa,Transfer from hotel to Margao railway station,2019-12-23T00:00:00,Driver batta will be additional Rs 200 before 7am or after 7pm  The above rates are not applicable from 20 Dec to 03 Jan  
Goa,Goa,"Full day tour of Panjim, Churches of Old Goa and Dona Paula",2019-10-01T00:00:00,
Goa,Goa,Transfer from airport to Yab Yum Beach Resort,2019-10-01T00:00:00,
Goa,Goa,Transfer from Yab Yum Beach Resort to airport,2019-10-01T00:00:00,
Goa,Goa,Transfer from airport to hotel,2019-10-01T00:00:00,Airport transfer (Innova)   Rs.1575/- per taxi per way (for arrival  after 7am and before 6pm)  Rs.1785/- per taxi per way (for arrival before  7am and after 6pm)  
Goa,Goa,Transfer from hotel to airport,2019-10-01T00:00:00,Airport transfer (Innova)   Rs.1575/- per taxi per way (for arrival  after 7am and before 6pm)  Rs.1785/- per taxi per way (for arrival before  7am and after 6pm)  
Goa,Goa,Transfer from airport to Dwarka Beach Resort,2019-10-01T00:00:00,
Goa,Goa,Transfer from hotel to Vasco railway station,2019-10-01T00:00:00,
Goa,Goa,Transfer from Vasco railway station to hotel,2019-10-01T00:00:00,
Goa,Goa,Transfer from hotel to Thivim railway station,2019-10-01T00:00:00,
Goa,Goa,Transfer from Thivim railway station to hotel,2019-10-01T00:00:00,
Goa,Goa,Transfer Panjim-Quepem-Netraviali,2019-10-01T00:00:00,
Goa,Goa,Half-day city tour of Panjim and the Churches of Old Goa,2019-10-01T00:00:00,
Goa,Goa,Transfer from hotel to Margao railway station,2019-10-01T00:00:00,
Goa,Goa,Transfer from Margao railway station to hotel,2019-10-01T00:00:00,
Goa,Goa,Transfer from airport to hotel,2019-10-01T00:00:00,
Goa,Goa,Transfer from hotel to airport,2019-10-01T00:00:00,
Goa,Goa,Transfer from hotel to Margao railway station,2019-10-01T00:00:00,
Goa,Goa,Transfer from Margao railway station to hotel,2019-10-01T00:00:00,
Goa,Goa,Transfer Panjim-Quepem-Netraviali,2019-10-01T00:00:00,
Goa,Goa,Transfer from hotel to Vasco railway station,2019-10-01T00:00:00,
Goa,Goa,Transfer from Vasco railway station to hotel,2019-10-01T00:00:00,
Goa,Goa,Half-day city tour of Panjim and the Churches of Old Goa,2019-10-01T00:00:00,The above rates are not applicable from 23 Dec to 03 Jan
Goa,Goa,Transfer from airport to Agonda hotel,2019-10-01T00:00:00,
Goa,Goa,Transfer from Agonda hotel to airport,2019-10-01T00:00:00,
Gujarat,Sasangir,Jeep safari in Sasangir National Park,2019-10-01T00:00:00,"Safaris in Gir National Park are supposed to be booked 3 months prior to required safari dates. We have taken the highest safari rate, applicable for Festival Dates (Navratri/Diwali/Christmas & New Year) per safari for foreigners.  The park is open from 16 October to 15 June. Best time to visit is definitely late November to early March, when the temperature can drop to a cool 10°C. The summer months are scorching hot, with the temperature hitting 43°C.   "
Gujarat,Sasangir,Morning and afternoon jeep safaris in Sasangir National Park,2019-10-01T00:00:00,"Safaris in Gir National Park are supposed to be booked 3 months prior to required safari dates. We have taken the highest safari rate, applicable for Festival Dates (Navratri/Diwali/Christmas & New Year) per safari for foreigners.  The park is open from 16 October to 15 June. Best time to visit is definitely late November to early March, when the temperature can drop to a cool 10°C. The summer months are scorching hot, with the temperature hitting 43°C.   "
Gujarat,Ahmedabad,Transfer from airport to hotel,2019-10-01T00:00:00,
Gujarat,Ahmedabad,Transfer from hotel to airport,2019-10-01T00:00:00,
Gujarat,Ahmedabad,Transfer from hotel to railway station,2019-10-01T00:00:00,
Gujarat,Ahmedabad,Transfer from railway station to hotel,2019-10-01T00:00:00,
Gujarat,Sasangir,Jeep safari in Sasangir National Park,2020-10-01T00:00:00,"Safaris in Gir National Park are supposed to be booked 3 months prior to required safari dates. We have taken the highest safari rate, applicable for Festival Dates (Navratri/Diwali/Christmas & New Year) per safari for foreigners.  The park is open from 16 October to 15 June. Best time to visit is definitely late November to early March, when the temperature can drop to a cool 10°C. The summer months are scorching hot, with the temperature hitting 43°C.   "
Gujarat,Sasangir,Morning and afternoon jeep safaris in Sasangir National Park,2020-10-01T00:00:00,"Safaris in Gir National Park are supposed to be booked 3 months prior to required safari dates. We have taken the highest safari rate, applicable for Festival Dates (Navratri/Diwali/Christmas & New Year) per safari for foreigners.  The park is open from 16 October to 15 June. Best time to visit is definitely late November to early March, when the temperature can drop to a cool 10°C. The summer months are scorching hot, with the temperature hitting 43°C.   "
Gujarat,Palitana,Early morning hike to the Palitana temples,2020-10-01T00:00:00,
Gujarat,Santrampur,Day at leisure in Santrampur,2020-10-01T00:00:00,
Gujarat,Bhuj,Full-day excursion to Hodka and other textile villages north of Bhuj,2020-10-01T00:00:00,
Gujarat,Bhuj,"Full-day excursion to Bhujodi, Ajrakpur and Dhaneti",2020-10-01T00:00:00,
Gujarat,Velavadar,Jeep safari in Velavadar National Park,2019-10-01T00:00:00,Entrance fees for a jeep are actually lower on weekdays than on weekends. We have taken the higher amount for our costing.  The park is open throughout the year but mid-June to March is best time to visit.   For bird watchers winter months of December to March are the best time to visit when many migratory birds arrive to spend the winters here.   
Gujarat,Velavadar,Safari in own vehicle in Velavadar N.P.,2019-10-01T00:00:00,
Gujarat,Dasada,Early morning wildlife safari in the Little Rann of Kutch,2019-10-01T00:00:00,"The park is open all year; October to March is the best time to visit  For birders: November to February, when it is cooler and migratory birds arrive in the thousands  "
Gujarat,Dasada,Afternoon bird-watching trip,2020-10-01T00:00:00,"Pax should do one jeep safari and one village safari as in that case there is no extra cost. If pax want to do a second safari, then the extra cost is Rs 3,000/- entrance fee per jeep. Entrance fees for a jeep are actually less on weekdays. We have taken the higher amount for our costing.  The park is open all year; October to March is the best time to visit. For birders: November to February, when it is cooler and migratory birds arrive in the thousands."
Gujarat,Dasada,Early morning wildlife safari in the Little Rann of Kutch,2020-10-01T00:00:00,"Pax should do one jeep safari and one village safari as in that case there is no extra cost. If pax want to do a second safari, then the entrance fee of the jeep is extra. Entrance fees for a jeep are actually less on weekdays. We have taken the higher amount for our costing.  The park is open all year; October to March is the best time to visit. For birders: November to February, when it is cooler and migratory birds arrive in the thousands."
Gujarat,Dasada,Afternoon village safari,2020-10-01T00:00:00,"Pax should do one jeep safari and one village safari as in that case there is no extra cost. If pax want to do a second safari, then the extra cost is Rs 3,000/- entrance fee per jeep. Entrance fees for a jeep are actually less on weekdays. We have taken the higher amount for our costing.  The park is open all year; October to March is the best time to visit. For birders: November to February, when it is cooler and migratory birds arrive in the thousands."
Gujarat,Ahmedabad,Early morning heritage walk from House of MG,2019-10-01T00:00:00,
Gujarat,Ahmedabad,Afternoon visit to Gandhi's Sabarmati Ashram & Law Garden Market,2019-10-01T00:00:00,
Gujarat,Palitana,Early morning hike to the Palitana temples,2019-10-01T00:00:00,
Gujarat,Dasada,Afternoon bird-watching trip,2019-10-01T00:00:00,"Pax should do one jeep safari and one village safari as in that case there is no extra cost. If pax want to do a second safari, then the extra cost is Rs 3,000/- entrance fee per jeep. Entrance fees for a jeep are actually less on weekdays. We have taken the higher amount for our costing.  The park is open all year; October to March is the best time to visit. For birders: November to February, when it is cooler and migratory birds arrive in the thousands."
Gujarat,Dasada,Early morning wildlife safari in the Little Rann of Kutch,2019-10-01T00:00:00,"Pax should do one jeep safari and one village safari as in that case there is no extra cost. If pax want to do a second safari, then the entrance fee of the jeep is extra. Entrance fees for a jeep are actually less on weekdays. We have taken the higher amount for our costing.  The park is open all year; October to March is the best time to visit. For birders: November to February, when it is cooler and migratory birds arrive in the thousands."
Gujarat,Dasada,Afternoon village safari,2019-10-01T00:00:00,"Pax should do one jeep safari and one village safari as in that case there is no extra cost. If pax want to do a second safari, then the extra cost is Rs 3,000/- entrance fee per jeep. Entrance fees for a jeep are actually less on weekdays. We have taken the higher amount for our costing.  The park is open all year; October to March is the best time to visit. For birders: November to February, when it is cooler and migratory birds arrive in the thousands."
Gujarat,Ahmedabad,Full day city tour of Ahmedabad,2019-10-01T00:00:00,
Gujarat,Ahmedabad,Full day excursion to Patan & Modhera,2019-10-01T00:00:00,
Gujarat,Ahmedabad,Full day sightseeing of Adalaj Stepwell and Huthesingh Jain Temples,2019-10-01T00:00:00,
Gujarat,Ahmedabad,Half day city tour of Ahmedabad,2019-10-01T00:00:00,
Gujarat,Ahmedabad,Half day excursion to Lothal,2019-10-01T00:00:00,
Gujarat,Ahmedabad,Early morning heritage walk,2019-10-01T00:00:00,
Haryana,Gurgaon,Transfer from Delhi railway station to hotel,2019-10-01T00:00:00,Meet & Assist by Rimo Expeditions
Haryana,Gurgaon,Transfer from hotel to Delhi railway station,2019-10-01T00:00:00,Meet & Assist by Rimo Expeditions
Haryana,Gurgaon,Transfer from hotel to Delhi Domestic airport,2019-10-01T00:00:00,Meet & Assist by Rimo Expeditions
Haryana,Gurgaon,Transfer from Delhi Domestic airport to hotel,2019-10-01T00:00:00,Meet & Assist by Rimo Expeditions
Haryana,Gurgaon,Transfer from hotel to Delhi International airport,2019-10-01T00:00:00,
Haryana,Gurgaon,Transfer from Delhi International airport to hotel,2019-10-01T00:00:00,
Haryana,Gurgaon,Half day sightseeing tour of New Delhi,2019-10-01T00:00:00,"For Delhi sightseeing starting from Gurgaon, we have to ask Ramico for a guide "
Haryana,Gurgaon,Full day sightseeing tour of Old & New Delhi,2019-10-01T00:00:00,"For Delhi sightseeing starting from Gurgaon, we have to ask Ramico for a guide "
Himachal Pradesh,Dharamsala,Transfer from airport to hotel,2019-10-01T00:00:00,
Himachal Pradesh,Dharamsala,Transfer from hotel to airport,2019-10-01T00:00:00,
Himachal Pradesh,Shimla,Transfer from airport to hotel,2019-10-01T00:00:00,
Himachal Pradesh,Shimla,Transfer from hotel to airport,2019-10-01T00:00:00,
Himachal Pradesh,Shimla,Transfer from hotel to railway station,2019-10-01T00:00:00,
Himachal Pradesh,Shimla,Transfer from railway station to hotel,2019-10-01T00:00:00,
Himachal Pradesh,Manali,Day at leisure in Manali,2020-10-01T00:00:00,
Himachal Pradesh,Palampur,Day at leisure in Palampur,2020-10-01T00:00:00,
Himachal Pradesh,Pragpur,Day at leisure to get to know the village crafts and architecture,2020-10-01T00:00:00,
Himachal Pradesh,Shimla,Transfer from railway station to hotel,2019-10-01T00:00:00,
Himachal Pradesh,Shimla,Walking tour of Shimla,2019-10-01T00:00:00,
Himachal Pradesh,Mashobra,Full-day tour of Shimla,2019-10-01T00:00:00,
Himachal Pradesh,Dharamsala,Toy train Kangra to Palampur,2019-10-01T00:00:00,
Himachal Pradesh,Shimla,Morning walking tour of Shimla,2019-10-01T00:00:00,
Himachal Pradesh,Pragpur,Kangra-Palampur toy train,2019-10-01T00:00:00,
Himachal Pradesh,Dharamsala,Trek from Laheta back to Dharamsala (3 hours walk),2019-10-01T00:00:00,
Himachal Pradesh,Dharamsala,Early morning yoga class,2019-10-01T00:00:00,For one day(few hours class) we use Mahi Yoga Centre (Run by Mr. Mahinder). Mahi Centre has now a proper Yoga Hall in Bhagsu Nag village(1.5 kms  from Mcleod Ganj).  Mahi Yoga Centres is open for classes from April to October every year.           
Himachal Pradesh,Shimla,Walking tour of Shimla,2019-10-01T00:00:00,
Himachal Pradesh,Shimla,Transfer from airport to hotel,2019-10-01T00:00:00,
Himachal Pradesh,Shimla,Transfer from hotel to airport,2019-10-01T00:00:00,
Himachal Pradesh,Shimla,Transfer from hotel to railway station,2019-10-01T00:00:00,
Himachal Pradesh,Dharamsala,Trek to Himalayan Gaddi Kingdom,2019-10-01T00:00:00,
Himachal Pradesh,Dharamsala,Half-day city tour,2019-10-01T00:00:00,
Himachal Pradesh,Dharamsala,Full-day city tour,2019-10-01T00:00:00,
Himachal Pradesh,Dharamsala,"Drive to Satobari, trek to Kareri (1900m - 4/5 hours walk)",2019-10-01T00:00:00,
Himachal Pradesh,Dharamsala,Trek from Kareri to Bahl (2000m - 5/6 hours walk),2019-10-01T00:00:00,
Himachal Pradesh,Dharamsala,Trek from Bahl to Triund (2900m - 4/5 hours walk),2019-10-01T00:00:00,
Jammu & Kashmir,Srinagar,Transfer from airport to hotel,2019-06-01T00:00:00,
Jammu & Kashmir,Srinagar,Transfer from hotel to airport,2019-06-01T00:00:00,
Jammu & Kashmir,Srinagar,Sightseeing tour of the Moghul Gardens,2019-06-01T00:00:00,
Jammu & Kashmir,Srinagar,Transfer from airport to hotel,2019-10-01T00:00:00,
Jammu & Kashmir,Srinagar,Transfer from hotel to airport,2019-10-01T00:00:00,
Jammu & Kashmir,Srinagar,Sightseeing tour of the Moghul Gardens,2019-10-01T00:00:00,
Karnataka,Bangalore,Half-day city tour of Bangalore,2019-10-01T00:00:00,
Karnataka,Bangalore,Full day city tour of Bangalore,2019-10-01T00:00:00,
Karnataka,Bangalore,Transfer from airport to hotel,2019-10-01T00:00:00,
Karnataka,Bangalore,Transfer from hotel to airport,2019-10-01T00:00:00,
Karnataka,Bangalore,Transfer from hotel to railway station,2019-10-01T00:00:00,
Karnataka,Bangalore,Transfer from railway station to hotel,2019-10-01T00:00:00,
Karnataka,Nagarhole,Safari in Nagarhole National Park,2020-10-01T00:00:00,"Nagarhole National Park remains open throughout the year.   From November to February, sightings are good and the weather is pleasant.  July to September are the monsoon months when sightings are low and safaris are often washed out.  "
Karnataka,Nagarhole,Morning and afternoon safaris in Nagarhole National Park,2020-10-01T00:00:00,"Nagarhole National Park remains open throughout the year.   From November to February, sightings are good and the weather is pleasant.  July to September are the monsoon months when sightings are low and safaris are often washed out.  "
Karnataka,Nagarhole,Safari in Nagarhole National Park,2020-10-01T00:00:00,"08 seater jeeps available for dates between July 2020 to March 2021; Rs. 2400/- per safari per head for children between 02-11 years. Children below 02 are not permitted on safaris.  Nagarhole National Park remains open throughout the year.   From November to February, sightings are good and the weather is pleasant. July to September are the monsoon months when sightings are low and safaris are often washed out.  "
Karnataka,Nagarhole,Boat safari,2020-10-01T00:00:00,"Kabini, Boat Safaris (18 Seater)  Rs.1800/- per safari per head for a child between 02-11 years.  Children below 02 are not permitted on safaris."
Karnataka,Nagarhole,Coracle ride on the Kabini river,2020-10-01T00:00:00,
Karnataka,Nagarhole,Canter safari (16-seater),2020-10-01T00:00:00,Rs.1800/- per safari per head for a child between 02-11 years.  Children below 02 are not permitted on safaris.  
Karnataka,Chikmagalur,Day at leisure at Flameback Lodges,2020-10-01T00:00:00,
Karnataka,Madikeri,Day at leisure at Old Kent,2020-10-01T00:00:00,
Karnataka,Nagarhole,Safari in Nagarhole National Park,2019-10-01T00:00:00,
Karnataka,Nagarhole,Boat safari,2019-10-01T00:00:00,"Kabini, Boat Safaris (18 Seater)"
Karnataka,Nagarhole,Coracle ride on the Kabini river,2019-10-01T00:00:00,
Karnataka,Nagarhole,Canter safari (16-seater),2019-10-01T00:00:00,Rs.1800/- per safari per head for a child between 02-11 years.  Children below 02 are not permitted on safaris.  
Karnataka,Nagarhole,Safari in Nagarhole National Park,2020-01-01T00:00:00,"Nagarhole National Park remains open throughout the year.   From November to February, sightings are good and the weather is pleasant.  July to September are the monsoon months when sightings are low and safaris are often washed out.  "
Karnataka,Nagarhole,Morning and afternoon safaris in Nagarhole National Park,2020-01-01T00:00:00,"Nagarhole National Park remains open throughout the year.   From November to February, sightings are good and the weather is pleasant.  July to September are the monsoon months when sightings are low and safaris are often washed out.  "
Karnataka,Hampi,Full-day sightseeing of Hampi,2019-10-01T00:00:00,
Karnataka,Nagarhole,Safari in Nagarhole National Park,2019-10-01T00:00:00,"The size of vehicle depends on the number of people going on safari. This can vary from a smaller 8 seater vehicle to a larger 16 seater.  Children below five (5) are not allowed on the jeep safari as per our company policy, they are however allowed on the boat safari and bookings for them can be made at the resort directly."
Karnataka,Hampi,Transfer from Hampi hotel to Hospet railway station,2019-10-01T00:00:00,
Karnataka,Hampi,Transfer from Hospet railway station to Hampi hotel,2019-10-01T00:00:00,
Karnataka,Hospet,Full-day sightseeing Hampi,2019-10-01T00:00:00,
Karnataka,Hospet,Transfer from railway station to hotel,2019-10-01T00:00:00,
Karnataka,Hospet,Transfer from hotel to railway station,2019-10-01T00:00:00,
Karnataka,Mysore,Transfer from hotel to railway station,2019-10-01T00:00:00,
Karnataka,Mysore,Transfer from railway station to hotel,2019-10-01T00:00:00,
Karnataka,Mysore,Half-day city tour of Mysore,2019-10-01T00:00:00,
Karnataka,Mysore,Half-day excursion to Somnathpur,2019-10-01T00:00:00,
Karnataka,Hassan,Day excursion to Belur & Halebid,2019-10-01T00:00:00,
Kerala,Kochi,Half-day city tour of Fort Cochin,2019-10-01T00:00:00,
Kerala,Kochi,Evening Kathakali dance performance,2019-10-01T00:00:00,
Kerala,Kochi,Cochin harbour cruise (3 hrs),2019-10-01T00:00:00,
Kerala,Kochi,Sunset cruise in Cochin,2019-10-01T00:00:00,
Kerala,Kochi,Transfer from airport to hotel,2019-10-01T00:00:00,
Kerala,Kochi,Transfer from hotel to airport,2019-10-01T00:00:00,
Kerala,Meppadi,Day at leisure in Meppadi,2020-10-01T00:00:00,
Kerala,Palakkad,Day at leisure in Palakkad,2020-10-01T00:00:00,
Kerala,Sultan Battery,Day at leisure at Pepper Trail,2020-10-01T00:00:00,
Kerala,Teekoy,Full day at leisure to explore Vanilla County,2020-10-01T00:00:00,
Kerala,Thattekad,"Day at leisure at Hornbill Camp for walking, cycling & kayaking",2020-10-01T00:00:00,
Kerala,Thattekad,Activities at Windermere Riverhouse,2020-10-01T00:00:00,
Kerala,Thrissur,Visit to a Kalamandalam - a performing arts centre,2019-10-01T00:00:00,"Note: The Kerala Kalamandalam is functional on all weekdays except Saturdays and Sundays, Regional holidays, National holidays, Public holidays, Strikes or Hartals. The Kerala Kalamandalam will also be closed for examinations and summer holidays from the end of March and the tour will not be available during the vacation period. Bookings will reopen from the month of June. The school will also be closed for 10 days during Onam holidays and 10 days in December for the Christmas holidays."
Kerala,Thattekad,"Day at leisure at Hornbill Camp for walking, cycling & kayaking",2019-10-01T00:00:00,
Kerala,Thattekad,Bird-watching trip from Hornbill Camp,2019-10-01T00:00:00,
Kerala,Alleppey,Full-day at leisure at Kerala's backwaters,2020-10-01T00:00:00,
Kerala,Kumarakom,Day at leisure in Kumarakom,2020-10-01T00:00:00,
Kerala,Mararikulam,Full day at leisure on the beach,2020-10-01T00:00:00,
Kerala,Thekkady,Boat trip on Periyar lake,2019-10-01T00:00:00,
Kerala,Thekkady,Nature walk in Periyar Wildlife Sanctuary,2019-10-01T00:00:00,Children below 13 years are not allowed to participate in the above programme
Kerala,Thekkady,Spice plantation visit,2019-10-01T00:00:00,
Kerala,Thekkady,Bullock cart ride and village tour,2019-10-01T00:00:00,"Bullock Cart Ride with a guide which comprises of a Bird Watching Tour, Village Tour and an Agricultural Tour.  Duration of the ride would be 2 hrs. Maximum: 04 pax in 01 bullock cart  (Presently, there are 02 such bullock carts available)    "
Kerala,Munnar,Excursion to Eravikulam National Park and the Tea Museum in Munnar,2019-10-01T00:00:00,
Kerala,Thrissur,Visit to local artisans near the Nila river,2019-10-01T00:00:00,"For the said visits in Thrissur, guide has to come from Cochin and charges for the same will be Rs. 13,500/- + GST for 02 days in Thrissur to show local artisans near the Nila river (half day) and a visit to the Kalamandalam the next morning."
Kerala,Kovalam,Transfer from Thirivananthapuram airport to Kovalam hotel,2019-10-01T00:00:00,
Kerala,Kovalam,Transfer from Kovalam hotel to Thiruvananthapuram airport,2019-10-01T00:00:00,
Kerala,Kovalam,Transfer from Thiruvananthapuram railway station to Kovalam hotel,2019-10-01T00:00:00,
Kerala,Kovalam,Transfer from Kovalam hotel to Thiruvananthapuram railway station,2019-10-01T00:00:00,
Kerala,Kovalam,Full-day excursion to Kanyakumari and Padmanabhaupuram,2019-10-01T00:00:00,
Kerala,Thekkady,Full-day trekking and bamboo rafting in Periyar Tiger Reserve,2019-10-01T00:00:00,Sanctuary Entrance Fees included. (Minimum 02 pax - Maximum 15 pax only)  Packed lunch included.  Children below 13 years are not allowed to participate in the above programme
Kerala,Kochi,Transfer from railway station to hotel,2019-10-01T00:00:00,
Kerala,Kochi,Transfer from hotel to railway station,2019-10-01T00:00:00,
Kerala,Trivandrum,Transfer from airport to hotel,2019-10-01T00:00:00,
Kerala,Trivandrum,Transfer from railway station to hotel,2019-10-01T00:00:00,
Kerala,Trivandrum,Transfer from hotel to airport,2019-10-01T00:00:00,
Kerala,Trivandrum,Transfer from hotel to railway station,2019-10-01T00:00:00,
Ladakh,Leh,Transfer from airport to hotel,2019-06-01T00:00:00,
Ladakh,Leh,Transfer from hotel to airport,2019-06-01T00:00:00,
Ladakh,Leh,"Full-day excursion to Shey, Thiksey and Hemis",2019-06-01T00:00:00,
Ladakh,Leh,Rafting on the Indus (including lunch),2019-06-01T00:00:00,
Ladakh,Leh,Afternoon walking tour of Leh,2019-06-01T00:00:00,
Ladakh,Leh,Half-day excursion to Shey & Tikse,2019-06-01T00:00:00,
Ladakh,Tso Kar,Visit Tsokar lake,2020-10-01T00:00:00,
Ladakh,Tso Moriri,Visit Tso Moriri lake,2020-10-01T00:00:00,
Ladakh,Themisgaam,Visit to Themisgaam gompa,2021-05-04T00:00:00,
Ladakh,Alchi,Visit to Alchi Monastery,2020-10-01T00:00:00,
Ladakh,Hundar,Visit to Deskit monastery followed by a camel ride,2020-10-01T00:00:00,
Ladakh,Hundar,Excursion to Tukruk,2020-10-01T00:00:00,
Ladakh,Kyagar,"Excursion to Samstanling gompa, Yarab Tso & Panamik hotsprings",2020-10-01T00:00:00,Samstaling : No entrances. Can give a small donation
Ladakh,Kyagar,Visit Hundar & Deskit and ride a Bactrian camel,2020-10-01T00:00:00,
Ladakh,Lamayuru,Visit to Lamayuru monastery,2020-10-01T00:00:00,
Ladakh,Lamayuru,Visit to Lamayuru monastery,2019-10-01T00:00:00,
Ladakh,Themisgaam,Visit to Themisgaam gompa,2019-10-01T00:00:00,
Ladakh,Tangtse,Visit to Pangong Lake,2019-10-01T00:00:00,
Ladakh,Tso Kar,Visit Tsokar lake,2019-10-01T00:00:00,
Ladakh,Kyagar,Visit Hundar & Deskit and ride a Bactrian camel,2019-10-01T00:00:00,
Ladakh,Stok,Day at leisure in Stok,2020-10-01T00:00:00,
Ladakh,Leh,Afternoon walking tour of Leh,2019-10-01T00:00:00,
Ladakh,Leh,Half-day excursion to Shey & Tikse,2019-10-01T00:00:00,
Ladakh,Leh,Full-day excursion to Hemis festival,2019-10-01T00:00:00,
Ladakh,Hundar,Visit to Deskit monastery followed by a camel ride,2019-10-01T00:00:00,
Ladakh,Hundar,Excursion to Tukruk,2019-10-01T00:00:00,
Ladakh,Kyagar,"Excursion to Samstanling gompa, Yarab Tso & Panamik hotsprings",2019-10-01T00:00:00,Samstaling : No entrances. Can give a small donation
Ladakh,Pangong Lake,Visit Pangong lake,2019-06-01T00:00:00,
Ladakh,Themisgaam,Visit to Themisgaam gompa,2019-06-01T00:00:00,
Ladakh,Leh,Transfer from airport to hotel,2019-10-01T00:00:00,
Ladakh,Leh,Transfer from hotel to airport,2019-10-01T00:00:00,
Ladakh,Leh,"Full-day excursion to Shey, Thiksey and Hemis",2019-10-01T00:00:00,
Ladakh,Leh,Rafting on the Indus (including lunch),2019-10-01T00:00:00,
Ladakh,Leh,Full-day excursion to Hemis festival,2019-06-01T00:00:00,
Ladakh,Hundar,Visit to Deskit monastery followed by a camel ride,2019-06-01T00:00:00,
Ladakh,Hundar,Excursion to Tukruk,2019-06-01T00:00:00,
Ladakh,Hundar,Hike from Hundar to Hundar Dok,2019-06-01T00:00:00,
Ladakh,Kyagar,"Excursion to Samstanling gompa, Yarab Tso & Panamik hotsprings",2019-06-01T00:00:00,Samstaling : No entrances. Can give a small donation
Ladakh,Lamayuru,Visit to Lamayuru monastery,2019-06-01T00:00:00,
Maharashtra,Tadoba,Jeep safari in Tadoba National Park,2019-10-01T00:00:00,INR 3500 on weekday and INR 5000 on Weekend per person per Safari in a Shared Jeep.  INR 6500 per ride from Alizanza and Kolara Zone II  INR 9000 on Weekday and INR 13000 on Weekend for exclusive Jeep
Maharashtra,Tadoba,Private jeep safari in Tadoba National Park,2019-10-01T00:00:00,INR 9000 on Weekday and INR 13000 on Weekend for exclusive Jeep
Maharashtra,Tadoba,Morning and afternoon jeep safaries in Tadoba National Park,2019-10-01T00:00:00,INR 3500 on weekday and INR 5000 on Weekend per person per Safari in a Shared Jeep.  INR 6500 per ride from Alizanza and Kolara Zone II  INR 9000 on Weekday and INR 13000 on Weekend for exclusive Jeep
Maharashtra,Aurangabad,Transfer from airport to hotel,2019-10-01T00:00:00,
Maharashtra,Aurangabad,Transfer from hotel to airport,2019-10-01T00:00:00,
Maharashtra,Aurangabad,Transfer from hotel to railway station,2019-10-01T00:00:00,
Maharashtra,Mumbai,Mumbai heritage walk (from suburban hotel),2019-10-01T00:00:00,For Mumbai Heritage Walk (from city hotel) we need to quote based on the Guide + Local Taxi  The cost for this menentioned in Miscellaneous Costs are approximate amounts.
Maharashtra,Mumbai,Transfer from International airport to hotel,2019-10-01T00:00:00,
Maharashtra,Mumbai,Transfer from hotel to International airport,2019-10-01T00:00:00,
Maharashtra,Mumbai,Transfer from Domestic airport to hotel,2019-10-01T00:00:00,
Maharashtra,Mumbai,Transfer from hotel to Domestic airport,2019-10-01T00:00:00,
Maharashtra,Mumbai,Transfer from Domestic airport to hotel,2019-10-01T00:00:00,Note: parking fees are charged as per actuals. Amounts mentioned in the costing are approximate ones.
Maharashtra,Mumbai,Transfer from hotel to Domestic airport,2019-10-01T00:00:00,
Maharashtra,Mumbai,Half-day city tour of Mumbai,2019-10-01T00:00:00,
Maharashtra,Mumbai,Half day city tour of Mumbai (from suburban hotel),2019-10-01T00:00:00,
Maharashtra,Mumbai,Half day excursion to Elephanta (from city hotel),2019-10-01T00:00:00,
Maharashtra,Mumbai,Mumbai heritage walk,2019-10-01T00:00:00,For Mumbai Heritage Walk (from city hotel) we need to quote based on the Guide + Local Taxi  The cost for this menentioned in Miscellaneous Costs are approximate amounts.
Maharashtra,Tadoba,Jeep safari in Tadoba National Park,2019-10-01T00:00:00,"We have taken the cost for a safari in the Kolara buffer zone. A safari through Kolara Gate to the core area of the park would cost more than double.  W.e.f. April 2020, core zones will remain closed on Tuesdays and buffer zones will remain closed on Wednesdays.  October to March offers the best weather with sunny days and pleasant evenings. April to June is very hot but it is an excellent time for tiger sightings.   "
Maharashtra,Tadoba,Morning and afternoon jeep safaries in Tadoba National Park,2019-10-01T00:00:00,"W.e.f. April 2020, core zones will remain closed on Tuesdays and buffer zones will remain closed on Wednesdays.  October to March offers the best weather with sunny days and pleasant evenings. April to June is very hot but it is an excellent time for tiger sightings.   "
Maharashtra,Mumbai,Transfer from City hotel to railway station,2019-10-01T00:00:00,Note: parking fees are charged as per actuals. Amounts mentioned in the costing are approximate ones.
Maharashtra,Mumbai,Transfer from railway station to City hotel,2019-10-01T00:00:00,Note: parking fees are charged as per actuals. Amounts mentioned in the costing are approximate ones.
Maharashtra,Mumbai,Transfer from International airport to hotel,2019-10-01T00:00:00,
Maharashtra,Mumbai,Transfer from hotel to International airport,2019-10-01T00:00:00,
Maharashtra,Nagpur,Transfer from hotel to railway station,2019-10-01T00:00:00,
Maharashtra,Nagpur,Transfer from railway station to hotel,2019-10-01T00:00:00,
Maharashtra,Mumbai,Dharavi slum tour,2019-10-01T00:00:00,
Maharashtra,Mumbai,Evening Mumbai street food tour,2019-10-01T00:00:00,
Maharashtra,Mumbai,Slum tour & sightseeing,2019-10-01T00:00:00,
Maharashtra,Nagzira,Jeep safari in Nagzira National Park,2019-10-01T00:00:00,"Safari rates are for private jeeps with maximum carrying capacity of 6 pax.  The safari charges include Govt. entry fee, guide charges and vehicle rent and rates are subject to change. Camera charges will be extra"
Maharashtra,Aurangabad,Transfer from railway station to hotel,2019-10-01T00:00:00,
Maharashtra,Aurangabad,Full-day excursion to Ajanta,2019-10-01T00:00:00,
Maharashtra,Aurangabad,Half-day city tour of Aurangabad,2019-10-01T00:00:00,
Maharashtra,Aurangabad,Half-day excursion to Ellora,2019-10-01T00:00:00,
Maharashtra,Nagpur,Transfer from airport to hotel,2019-10-01T00:00:00,
Maharashtra,Nagpur,Transfer from hotel to airport,2019-10-01T00:00:00,
Madhya Pradesh,Bandhavgarh,Morning and afternoon jeep safaris in Bandhavgarh National Park,2019-10-01T00:00:00,"The park is open from 15 October till 30 June.  All Madhya Pradesh National Parks i.e. Panna, Bandhavgarh, Kanha, Pench, Satpura, Sanjay are closed every Wednesday afternoon for safaris. These parks are also closed on Holi and Diwali festival days."
Madhya Pradesh,Satpura,Other activities in Satpura National Park,2020-10-01T00:00:00,
Madhya Pradesh,Maheshwar,Excursion to Mandu,2020-10-01T00:00:00,
Madhya Pradesh,Maheshwar,Day at leisure in Maheshwar,2020-10-01T00:00:00,
Madhya Pradesh,Kanha,Private jeep safari in Kanha N.P.,2020-10-01T00:00:00,"The park is open from 16th October till 30th June.  All Madhya Pradesh National Parks i.e. Panna, Bandhavgarh, Kanha, Pench, Satpura, Sanjay are closed every Wednesday afternoon for safaris. These parks are also closed on Holi and Diwali festival days."
Madhya Pradesh,Kathiwada,Day at leisure in Kathiwada,2020-10-01T00:00:00,
Madhya Pradesh,Bandhavgarh,Shared afternoon jeep safari in Bandhavgarh National Park,2020-10-01T00:00:00,"The park is open from 16th October till 30th June.  All Madhya Pradesh National Parks i.e. Panna, Bandhavgarh, Kanha, Pench, Satpura, Sanjay are closed every Wednesday afternoon for safaris. These parks are also closed on Holi and Diwali festival days."
Madhya Pradesh,Bandhavgarh,Morning and afternoon jeep safaris in Bandhavgarh National Park,2020-10-01T00:00:00,"The park is open from 16th October till 30th June.  All Madhya Pradesh National Parks i.e. Panna, Bandhavgarh, Kanha, Pench, Satpura, Sanjay are closed every Wednesday afternoon for safaris. These parks are also closed on Holi and Diwali festival days."
Madhya Pradesh,Bandhavgarh,Private jeep safari in Bandhavgarh N.P.,2020-10-01T00:00:00,"The park is open from 16th October till 30th June.  All Madhya Pradesh National Parks i.e. Panna, Bandhavgarh, Kanha, Pench, Satpura, Sanjay are closed every Wednesday afternoon for safaris. These parks are also closed on Holi and Diwali festival days."
Madhya Pradesh,Kanha,Jeep safari in Kanha National Park,2020-10-01T00:00:00,"The park is open from 16th October till 30th June.  All Madhya Pradesh National Parks i.e. Panna, Bandhavgarh, Kanha, Pench, Satpura, Sanjay are closed every Wednesday afternoon for safaris. These parks are also closed on Holi and Diwali festival days."
Madhya Pradesh,Kanha,Shared afternoon jeep safari in Kanha National Park,2020-10-01T00:00:00,"The park is open from 16th October till 30th June.  All Madhya Pradesh National Parks i.e. Panna, Bandhavgarh, Kanha, Pench, Satpura, Sanjay are closed every Wednesday afternoon for safaris. These parks are also closed on Holi and Diwali festival days."
Madhya Pradesh,Kanha,Morning and afternoon jeep safaris in Kanha National Park,2020-10-01T00:00:00,"The park is open from 16th October till 30th June.  All Madhya Pradesh National Parks i.e. Panna, Bandhavgarh, Kanha, Pench, Satpura, Sanjay are closed every Wednesday afternoon for safaris. These parks are also closed on Holi and Diwali festival days."
Madhya Pradesh,Bandhavgarh,Jeep safari in Bandhavgarh National Park,2020-10-01T00:00:00,"The park is open from 16th October till 30th June.  All Madhya Pradesh National Parks i.e. Panna, Bandhavgarh, Kanha, Pench, Satpura, Sanjay are closed every Wednesday afternoon for safaris. These parks are also closed on Holi and Diwali festival days."
Madhya Pradesh,Bandhavgarh,Morning and afternoon jeep safaris in Bandhavgarh National Park,2019-10-01T00:00:00,"The park is open from 16th October till 30th June.  All Madhya Pradesh National Parks i.e. Panna, Bandhavgarh, Kanha, Pench, Satpura, Sanjay are closed every Wednesday afternoon for safaris. These parks are also closed on Holi and Diwali festival days."
Madhya Pradesh,Bandhavgarh,Private jeep safari in Bandhavgarh N.P.,2019-10-01T00:00:00,"The park is open from 16th October till 30th June.  All Madhya Pradesh National Parks i.e. Panna, Bandhavgarh, Kanha, Pench, Satpura, Sanjay are closed every Wednesday afternoon for safaris. These parks are also closed on Holi and Diwali festival days."
Madhya Pradesh,Bandhavgarh,Jeep safari in Bandhavgarh National Park,2019-10-01T00:00:00,"The park is open from 16th October till 30th June.  All Madhya Pradesh National Parks i.e. Panna, Bandhavgarh, Kanha, Pench, Satpura, Sanjay are closed every Wednesday afternoon for safaris. These parks are also closed on Holi and Diwali festival days."
Madhya Pradesh,Bandhavgarh,Shared afternoon jeep safari in Bandhavgarh National Park,2019-10-01T00:00:00,"The park is open from 16th October till 30th June.  All Madhya Pradesh National Parks i.e. Panna, Bandhavgarh, Kanha, Pench, Satpura, Sanjay are closed every Wednesday afternoon for safaris. These parks are also closed on Holi and Diwali festival days."
Madhya Pradesh,Orchha,Half-day tour of Orchha,2019-10-01T00:00:00,
Madhya Pradesh,Orchha,Full day tour of Orchha,2019-10-01T00:00:00,
Madhya Pradesh,Satpura,Afternoon jeep safari in Satpura National Park,2019-10-01T00:00:00,"The park is open from 15 October till 30 June.  All Madhya Pradesh National Parks i.e. Panna, Bandhavgarh, Kanha, Pench, Satpura, Sanjay are closed every Wednesday afternoon for safaris. These parks are also closed on Holi and Diwali festival days."
Madhya Pradesh,Pench,Jeep safari in Pench National Park,2019-10-01T00:00:00,"The park is open from 15 October till 30 June.  We have taken the cost for a safari at Touria Gate. A safari at Khursapar Gate would be slightly more expensive (Rs 500/- per jeep).  All Madhya Pradesh National Parks i.e. Panna, Bandhavgarh, Kanha, Pench, Satpura, Sanjay are closed every Wednesday afternoon for safaris. These parks are also closed on Holi and Diwali festival days."
Madhya Pradesh,Jabalpur,Transfer from hotel to Jabalpur airport,2019-10-01T00:00:00,
Madhya Pradesh,Jabalpur,Transfer from hotel to Jabalpur railway station,2019-10-01T00:00:00,
Madhya Pradesh,Jabalpur,Transfer from Jabalpur railway station to hotel,2019-10-01T00:00:00,
Madhya Pradesh,Bhopal,Transfer from hotel to railway station,2019-10-01T00:00:00,
Madhya Pradesh,Bhopal,Transfer from railway station to hotel,2019-10-01T00:00:00,
Madhya Pradesh,Bhopal,Full-day excursion to Sanchi & Udaigiri,2019-10-01T00:00:00,
Madhya Pradesh,Bhopal,Half-day city tour of Bhopal,2019-10-01T00:00:00,
Madhya Pradesh,Jabalpur,Half-day city tour and visit to the Marble Rocks,2019-10-01T00:00:00,
Madhya Pradesh,Jabalpur,Transfer from Jabalpur airport to hotel,2019-10-01T00:00:00,
Madhya Pradesh,Bhopal,Half-day excursion to Bhimbetika,2019-10-01T00:00:00,
Madhya Pradesh,Bhopal,Transfer from airport to hotel,2019-10-01T00:00:00,
Madhya Pradesh,Bhopal,Transfer from hotel to airport,2019-10-01T00:00:00,
Madhya Pradesh,Indore,Transfer from hotel to Indore airport,2019-10-01T00:00:00,
Madhya Pradesh,Indore,Transfer from hotel to Indore railway station,2019-10-01T00:00:00,
Madhya Pradesh,Indore,Transfer from Indore railway station to hotel,2019-10-01T00:00:00,
Madhya Pradesh,Indore,Half day city tour of Indore,2019-10-01T00:00:00,Museum & Lal Bagh Palace closed on Mondays & National Holidays  Open from 10 am to 5 pm
Madhya Pradesh,Indore,Full day excursion to Mandu,2019-10-01T00:00:00,
Madhya Pradesh,Bhopal,Transfer from hotel to railway station,2019-10-01T00:00:00,
Madhya Pradesh,Bhopal,Transfer from railway station to hotel,2019-10-01T00:00:00,
Madhya Pradesh,Bhopal,Half-day city tour of Bhopal,2019-10-01T00:00:00,Open from 10 am to 5 pm.  Museums closed on Mondays and National Holidays.
Madhya Pradesh,Bhopal,Full-day excursion to Sanchi & Udaigiri,2019-10-01T00:00:00,Sanchi Museum Open from 10 am to 5 pm; closed on Fridays and National Holidays.  Videsha Museum Open from 10 am to 5 pm; closed on Mondays and National Holidays.  Sanchi Stupas open all year round from sunrise to sunset.
Madhya Pradesh,Bhopal,Half-day excursion to Bhimbetika,2019-10-01T00:00:00,Bhimbetka open all year round from sunrise to sunset.
Madhya Pradesh,Indore,Transfer from Indore airport to hotel,2019-10-01T00:00:00,
Madhya Pradesh,Jabalpur,Transfer from hotel to Jabalpur airport,2019-10-01T00:00:00,
Madhya Pradesh,Jabalpur,Transfer from hotel to Jabalpur railway station,2019-10-01T00:00:00,
Madhya Pradesh,Jabalpur,Transfer from Jabalpur railway station to hotel,2019-10-01T00:00:00,
Madhya Pradesh,Jabalpur,Half-day city tour and visit to the Marble Rocks,2019-10-01T00:00:00,
Madhya Pradesh,Bhopal,Transfer from airport to hotel,2019-10-01T00:00:00,
Madhya Pradesh,Bhopal,Transfer from hotel to airport,2019-10-01T00:00:00,
Madhya Pradesh,Jabalpur,Transfer from Jabalpur airport to hotel,2019-10-01T00:00:00,
Madhya Pradesh,Kanha,Morning and afternoon jeep safaris in Kanha National Park,2019-10-01T00:00:00,"The park is open from 16th October till 30th June.  All Madhya Pradesh National Parks i.e. Panna, Bandhavgarh, Kanha, Pench, Satpura, Sanjay are closed every Wednesday afternoon for safaris. These parks are also closed on Holi and Diwali festival days."
Madhya Pradesh,Kanha,Private jeep safari in Kanha N.P.,2019-10-01T00:00:00,"The park is open from 16th October till 30th June.  All Madhya Pradesh National Parks i.e. Panna, Bandhavgarh, Kanha, Pench, Satpura, Sanjay are closed every Wednesday afternoon for safaris. These parks are also closed on Holi and Diwali festival days."
Madhya Pradesh,Bandhavgarh,Private jeep with naturalist in Bandhavgarh National Park,2019-10-01T00:00:00,"The park is open from 16th October till 30th June.  All Madhya Pradesh National Parks i.e. Panna, Bandhavgarh, Kanha, Pench, Satpura, Sanjay are closed every Wednesday afternoon for safaris. These parks are also closed on Holi and Diwali festival days."
Madhya Pradesh,Kanha,Private jeep safari with naturalist in Kanha National Park,2019-10-01T00:00:00,"The park is open from 16th October till 30th June.  All Madhya Pradesh National Parks i.e. Panna, Bandhavgarh, Kanha, Pench, Satpura, Sanjay are closed every Wednesday afternoon for safaris. These parks are also closed on Holi and Diwali festival days."
Madhya Pradesh,Pench,Private jeep safari with naturalist in Pench National Park,2019-10-01T00:00:00,"The park is open from 16th October till 30th June.  All Madhya Pradesh National Parks i.e. Panna, Bandhavgarh, Kanha, Pench, Satpura, Sanjay are closed every Wednesday afternoon for safaris. These parks are also closed on Holi and Diwali festival days."
Madhya Pradesh,Kanha,Jeep safari in Kanha National Park,2019-10-01T00:00:00,"The park is open from 16th October till 30th June.  All Madhya Pradesh National Parks i.e. Panna, Bandhavgarh, Kanha, Pench, Satpura, Sanjay are closed every Wednesday afternoon for safaris. These parks are also closed on Holi and Diwali festival days."
Madhya Pradesh,Kanha,Shared afternoon jeep safari in Kanha National Park,2019-10-01T00:00:00,"The park is open from 16th October till 30th June.  All Madhya Pradesh National Parks i.e. Panna, Bandhavgarh, Kanha, Pench, Satpura, Sanjay are closed every Wednesday afternoon for safaris. These parks are also closed on Holi and Diwali festival days."
Madhya Pradesh,Kanha,Shared afternoon jeep safari in Kanha National Park,2019-10-01T00:00:00,"The park is open from 15 October till 30 June.  All Madhya Pradesh National Parks i.e. Panna, Bandhavgarh, Kanha, Pench, Satpura, Sanjay are closed every Wednesday afternoon for safaris. These parks are also closed on Holi and Diwali festival days."
Madhya Pradesh,Kanha,Private jeep safari in Kanha N.P.,2019-10-01T00:00:00,"The park is open from 15 October till 30 June.  All Madhya Pradesh National Parks i.e. Panna, Bandhavgarh, Kanha, Pench, Satpura, Sanjay are closed every Wednesday afternoon for safaris. These parks are also closed on Holi and Diwali festival days."
Madhya Pradesh,Bandhavgarh,Private jeep safari in Bandhavgarh N.P.,2019-10-01T00:00:00,"The park is open from 15 October till 30 June.  All Madhya Pradesh National Parks i.e. Panna, Bandhavgarh, Kanha, Pench, Satpura, Sanjay are closed every Wednesday afternoon for safaris. These parks are also closed on Holi and Diwali festival days."
Madhya Pradesh,Gwalior,Transfer from railway station to hotel,2019-10-01T00:00:00,
Madhya Pradesh,Gwalior,Transfer from hotel to railway station,2019-10-01T00:00:00,
Madhya Pradesh,Gwalior,Transfer from hotel to airport,2019-10-01T00:00:00,
Madhya Pradesh,Gwalior,Transfer airport to hotel,2019-10-01T00:00:00,
Madhya Pradesh,Gwalior,Half-day city tour of Gwalior,2019-10-01T00:00:00,
Madhya Pradesh,Khajuraho,Transfer from airport to hotel,2019-10-01T00:00:00,
Madhya Pradesh,Khajuraho,Transfer from hotel to airport,2019-10-01T00:00:00,
Madhya Pradesh,Khajuraho,Transfer from railway station to hotel,2019-10-01T00:00:00,
Madhya Pradesh,Khajuraho,Transfer from hotel to railway station,2019-10-01T00:00:00,
Madhya Pradesh,Khajuraho,Half-day tour of Khajuraho temples,2019-10-01T00:00:00,
Madhya Pradesh,Khajuraho,Excursion to Panna National Park,2019-10-01T00:00:00,Panna N.P. is closed on Every Wednesday Afternoon and on Holi Festival.
Madhya Pradesh,Bandhavgarh,Morning and afternoon jeep safaris in Bandhavgarh National Park,2019-10-01T00:00:00,Safari bookings will be made only when 100% advance is received. Safaris once booked are nonrefundable.
Madhya Pradesh,Bandhavgarh,Jeep safari in Bandhavgarh National Park,2019-10-01T00:00:00,Safari bookings will be made only when 100% advance is received. Safaris once booked are nonrefundable.
Madhya Pradesh,Bandhavgarh,Shared afternoon jeep safari in Bandhavgarh National Park,2019-10-01T00:00:00,Safari bookings will be made only when 100% advance is received. Safaris once booked are nonrefundable.
Madhya Pradesh,Satpura,Private jeep safari with naturalist in Satpura National Park,2019-10-01T00:00:00,"The park is open from 15 October till 30 June.  All Madhya Pradesh National Parks i.e. Panna, Bandhavgarh, Kanha, Pench, Satpura, Sanjay are closed every Wednesday afternoon for safaris. These parks are also closed on Holi and Diwali festival days."
Madhya Pradesh,Satpura,Twilight safari in Satpura National Park,2019-10-01T00:00:00,"The park is open from 15 October till 30 June.  All Madhya Pradesh National Parks i.e. Panna, Bandhavgarh, Kanha, Pench, Satpura, Sanjay are closed every Wednesday afternoon for safaris. These parks are also closed on Holi and Diwali festival days."
Madhya Pradesh,Satpura,Canoe safari,2019-10-01T00:00:00,"The park is open from 15 October till 30 June.  All Madhya Pradesh National Parks i.e. Panna, Bandhavgarh, Kanha, Pench, Satpura, Sanjay are closed every Wednesday afternoon for safaris. These parks are also closed on Holi and Diwali festival days."
Madhya Pradesh,Satpura,Jungle walk,2019-10-01T00:00:00,"The park is open from 15 October till 30 June.  All Madhya Pradesh National Parks i.e. Panna, Bandhavgarh, Kanha, Pench, Satpura, Sanjay are closed every Wednesday afternoon for safaris. These parks are also closed on Holi and Diwali festival days."
Madhya Pradesh,Satpura,Morning jeep safari in Satpura National Park,2019-10-01T00:00:00,"The park is open from 16th October till 30th June.  All Madhya Pradesh National Parks i.e. Panna, Bandhavgarh, Kanha, Pench, Satpura, Sanjay are closed every Wednesday afternoon for safaris. These parks are also closed on Holi and Diwali festival days."
Madhya Pradesh,Satpura,Private jeep safari with naturalist in Satpura National Park,2019-10-01T00:00:00,"The park is open from 16th October till 30th June.  All Madhya Pradesh National Parks i.e. Panna, Bandhavgarh, Kanha, Pench, Satpura, Sanjay are closed every Wednesday afternoon for safaris. These parks are also closed on Holi and Diwali festival days."
Madhya Pradesh,Satpura,Twilight safari in Satpura National Park,2019-10-01T00:00:00,"The park is open from 16th October till 30th June.  All Madhya Pradesh National Parks i.e. Panna, Bandhavgarh, Kanha, Pench, Satpura, Sanjay are closed every Wednesday afternoon for safaris. These parks are also closed on Holi and Diwali festival days."
Madhya Pradesh,Bandhavgarh,Morning and afternoon jeep safaris in Bandhavgarh National Park,2019-10-01T00:00:00,English Speaking Naturalist Charge :1500/- per jeep/Safari  (Applicable only in Exclusive safari)  
Madhya Pradesh,Bandhavgarh,Jeep safari in Bandhavgarh National Park,2019-10-01T00:00:00,English Speaking Naturalist Charge :1500/- per jeep/Safari  (Applicable only in Exclusive safari)  
Madhya Pradesh,Bandhavgarh,Shared afternoon jeep safari in Bandhavgarh National Park,2019-10-01T00:00:00,English Speaking Naturalist Charge :1500/- per jeep/Safari  (Applicable only in Exclusive safari)  
Madhya Pradesh,Panna,Jeep safari with naturalist in Panna National Park,2019-10-01T00:00:00,"The park is open from 15 October till 30 June.  All Madhya Pradesh National Parks i.e. Panna, Bandhavgarh, Kanha, Pench, Satpura, Sanjay are closed every Wednesday afternoon for safaris. These parks are also closed on Holi and Diwali festival days."
Madhya Pradesh,Panna,Afternoon jeep safari in Panna National Park,2019-10-01T00:00:00,"The park is open from 15 October till 30 June.  All Madhya Pradesh National Parks i.e. Panna, Bandhavgarh, Kanha, Pench, Satpura, Sanjay are closed every Wednesday afternoon for safaris. These parks are also closed on Holi and Diwali festival days."
Madhya Pradesh,Panna,Morning and afternoon jeep safaris in Panna National Park,2019-10-01T00:00:00,"The park is open from 15 October till 30 June.  All Madhya Pradesh National Parks i.e. Panna, Bandhavgarh, Kanha, Pench, Satpura, Sanjay are closed every Wednesday afternoon for safaris. These parks are also closed on Holi and Diwali festival days."
Madhya Pradesh,Bandhavgarh,Jeep safari in Bandhavgarh National Park,2019-10-01T00:00:00,"The park is open from 15 October till 30 June.  All Madhya Pradesh National Parks i.e. Panna, Bandhavgarh, Kanha, Pench, Satpura, Sanjay are closed every Wednesday afternoon for safaris. These parks are also closed on Holi and Diwali festival days."
Madhya Pradesh,Bandhavgarh,Shared afternoon jeep safari in Bandhavgarh National Park,2019-10-01T00:00:00,"The park is open from 15 October till 30 June.  All Madhya Pradesh National Parks i.e. Panna, Bandhavgarh, Kanha, Pench, Satpura, Sanjay are closed every Wednesday afternoon for safaris. These parks are also closed on Holi and Diwali festival days."
Madhya Pradesh,Kanha,Morning and afternoon jeep safaris in Kanha National Park,2019-10-01T00:00:00,"The park is open from 15 October till 30 June.  All Madhya Pradesh National Parks i.e. Panna, Bandhavgarh, Kanha, Pench, Satpura, Sanjay are closed every Wednesday afternoon for safaris. These parks are also closed on Holi and Diwali festival days."
Madhya Pradesh,Kanha,Jeep safari in Kanha National Park,2019-10-01T00:00:00,"The park is open from 15 October till 30 June.  All Madhya Pradesh National Parks i.e. Panna, Bandhavgarh, Kanha, Pench, Satpura, Sanjay are closed every Wednesday afternoon for safaris. These parks are also closed on Holi and Diwali festival days."
Orissa,Bhubaneswar,Half-day city tour of Bhubaneshwar temples,2019-10-01T00:00:00,
Orissa,Bhubaneswar,Transfer from airport to hotel,2019-10-01T00:00:00,
Orissa,Bhubaneswar,Transfer from hotel to airport,2019-10-01T00:00:00,
Orissa,Bhubaneswar,Transfer from hotel to railway station,2019-10-01T00:00:00,
Orissa,Bhubaneswar,Transfer from railway station to hotel,2019-10-01T00:00:00,
Orissa,Dhenkanal,Full-day exploration of Dhenkanal,2019-10-01T00:00:00,
Orissa,Baripada,Visit to the local market and the Bhanja Palace ruins,2020-10-01T00:00:00,
Orissa,Gopalpur-on-Sea,Day at leisure in Gopalpur-on-Sea,2020-10-01T00:00:00,
Orissa,Chilika lake,Boat trip on Chilika Lake,2020-10-01T00:00:00,
Orissa,Konarak,Visit to the Sun Temple,2019-10-01T00:00:00,
Orissa,Chilika lake,Boat trip on Chilika Lake,2019-10-01T00:00:00,
Orissa,Puri,Excursion to Raghurajpur,2019-10-01T00:00:00,
Orissa,Bhubaneswar,Visit Konarak enroute to Puri,2019-10-01T00:00:00,
Orissa,Puri,Visit Chilika lake enroute to Bhubaneswar,2019-10-01T00:00:00,
Orissa,Baripada,Day at leisure at the Belgadia Palace,2020-10-01T00:00:00,
Pondicherry,Pondicherry,Day at leisure in Pondicherry,2020-10-01T00:00:00,
Punjab,Amritsar,Transfer from airport to hotel,2019-10-01T00:00:00,
Punjab,Amritsar,Transfer from hotel to airport,2019-10-01T00:00:00,
Punjab,Amritsar,Transfer from railway station to hotel,2019-10-01T00:00:00,
Punjab,Amritsar,Transfer from hotel to railway station,2019-10-01T00:00:00,
Punjab,Amritsar,Half-day city tour of Amritsar,2019-10-01T00:00:00,
Punjab,Amritsar,Night visit to the Golden Temple,2019-10-01T00:00:00,
Punjab,Amritsar,Afternoon excursion to the Wagah border ceremony,2019-10-01T00:00:00,
Rajasthan,Sawai Madhopur,Morning and afternoon game rides by canter,2019-05-13T00:00:00,
Rajasthan,Sawai Madhopur,Game ride by canter in Ranthambhore National Park,2019-05-13T00:00:00,
Rajasthan,Sawai Madhopur,Private jeep safari in Ranthambhore National Park,2019-05-13T00:00:00,
Rajasthan,Narlai,Morning Narlai village walk,2019-10-01T00:00:00,
Rajasthan,Narlai,Dinner at the step-well,2019-10-01T00:00:00,
Rajasthan,Padarla,Wildlife safari,2020-12-14T00:00:00,
Rajasthan,Padarla,Extra optional private wildlife safari,2020-12-14T00:00:00,"The cost for a safari on sharing basis is Rs 2,000/- per person."
Rajasthan,Dholpur,Chambal boat safari,2021-10-01T00:00:00,
Rajasthan,Ramathra,Day at leisure in Ramathra,2020-10-01T00:00:00,
Rajasthan,Samode,Day at leisure in Samode,2020-10-01T00:00:00,
Rajasthan,Shahpura,Day at leisure in Shahpura,2020-10-01T00:00:00,
Rajasthan,Dungarpur,Day at leisure in Dungarpur,2020-10-01T00:00:00,
Rajasthan,Khempur,Day at leisure in Kempur,2020-10-01T00:00:00,
Rajasthan,Mount Abu,Day at leisure in Mount Abu,2020-10-01T00:00:00,
Rajasthan,Nimaj,Day at leisure in Nimaj,2020-10-01T00:00:00,
Rajasthan,Pushkar,Explore Pushkar on your own,2020-10-01T00:00:00,
Rajasthan,Raipur,Day at leisure at Lakshman Sagar,2020-10-01T00:00:00,
Rajasthan,Bijaipur,Activities at Castle Bijaipur,2020-10-01T00:00:00,
Rajasthan,Bera,Afternoon leopard safari,2020-10-01T00:00:00,
Rajasthan,Bera,Morning bird-watching safari,2020-10-01T00:00:00,
Rajasthan,Delwara,Day at leisure in Delwara,2020-10-01T00:00:00,
Rajasthan,Sawai Madhopur,Jeep safari in Ranthambhore National Park,2020-10-01T00:00:00,
Rajasthan,Sawai Madhopur,Morning and afternoon jeep safaris in Ranthambore National Park,2020-10-01T00:00:00,
Rajasthan,Sariska,Jeep safari in Sariska National Park,2020-10-01T00:00:00,
Rajasthan,Deogarh,Afternoon jeep safari (Rural Ramble),2020-10-01T00:00:00,
Rajasthan,Deogarh,Morning train excursion with jeep transfers,2020-10-01T00:00:00,
Rajasthan,Dholpur,Chambal boat safari,2020-10-01T00:00:00,
Rajasthan,Karauli,Walking tour of Karauli,2020-10-01T00:00:00,
Rajasthan,Karauli,Camel cart ride to Old City Palace,2020-10-01T00:00:00,
Rajasthan,Sawai Madhopur,Morning and afternoon game rides by canter,2020-10-01T00:00:00,
Rajasthan,Sawai Madhopur,Game ride by canter in Ranthambhore National Park,2020-10-01T00:00:00,
Rajasthan,Sawai Madhopur,Private jeep safari in Ranthambhore National Park,2020-10-01T00:00:00,
Rajasthan,Chanoud,Morning village walk,2019-10-01T00:00:00,
Rajasthan,Bharatpur,Visit to the bird sanctuary,2019-10-01T00:00:00,
Rajasthan,Narlai,Morning Narlai village walk,2020-10-01T00:00:00,
Rajasthan,Narlai,Dinner at the step-well,2020-10-01T00:00:00,
Rajasthan,Udaipur,Cycle around the outskirts of Udaipur,2019-10-01T00:00:00,
Rajasthan,Chittaurgarh,Visit to Chittaurgarh Fort,2019-10-01T00:00:00,
Rajasthan,Chittaurgarh,Cooking class,2019-10-01T00:00:00,changed GST from 5% to 18% as informed by Parvati  
Rajasthan,Sariska,Jeep safari in Sariska National Park,2019-10-01T00:00:00,
Rajasthan,Bijaynagar,Ox cart ride,2019-10-01T00:00:00,
Rajasthan,Rohet,Village safari,2019-10-01T00:00:00,One Rohet Signature Village Safari included complimentary during the stay
Rajasthan,Bundi,Half-day sightseeing of Bundi,2019-10-01T00:00:00,Guide Mr. Yug Prasad
Rajasthan,Bundi,Bundi School of Painting workshop,2019-10-01T00:00:00,
Rajasthan,Mandawa,Walking tour of Mandawa,2019-10-01T00:00:00,
Rajasthan,Sawai Madhopur,Transfer from railway station to hotel,2019-10-01T00:00:00,
Rajasthan,Sawai Madhopur,Transfer from hotel to railway station,2019-10-01T00:00:00,
Rajasthan,Sawai Madhopur,Morning and afternoon jeep safaris in Ranthambore National Park,2019-10-01T00:00:00,
Rajasthan,Udaipur,Explore Udaipur's old city on bikes,2019-10-01T00:00:00,
Rajasthan,Sawai Madhopur,Jeep safari in Ranthambhore National Park,2019-10-01T00:00:00,
Rajasthan,Sawai Madhopur,Private jeep safari in Ranthambhore National Park,2019-10-01T00:00:00,
Rajasthan,Sawai Madhopur,Game ride by canter in Ranthambhore National Park,2019-10-01T00:00:00,
Rajasthan,Sawai Madhopur,Morning and afternoon game rides by canter,2019-10-01T00:00:00,
Rajasthan,Sawai Madhopur,Visit of Ranthambhore Fort,2019-10-01T00:00:00,
Rajasthan,Barli,Afternoon bullock cart trip through Barli village,2019-10-01T00:00:00,
Rajasthan,Sawai Madhopur,Morning and afternoon jeep safaris in Ranthambore National Park,2019-10-01T00:00:00,
Rajasthan,Bhenswara,Village and leopard safari by Jeep,2019-10-01T00:00:00,
Rajasthan,Chanoud,Afternoon jeep safari,2019-10-01T00:00:00,
Rajasthan,Chanoud,Evening cooking class,2019-10-01T00:00:00,
Rajasthan,Mandawa,Afternoon camel ride to villages near Mandawa,2019-10-01T00:00:00,
Rajasthan,Sawai Madhopur,Transfer from railway station to hotel,2019-10-01T00:00:00,
Rajasthan,Sawai Madhopur,Jeep safari in Ranthambhore National Park,2019-10-01T00:00:00,
Rajasthan,Sawai Madhopur,Game ride by canter in Ranthambhore National Park,2019-10-01T00:00:00,
Rajasthan,Sawai Madhopur,Morning and afternoon game rides by canter,2019-10-01T00:00:00,
Rajasthan,Sawai Madhopur,Visit of Ranthambhore Fort,2019-10-01T00:00:00,
Rajasthan,Sawai Madhopur,Private jeep safari in Ranthambhore National Park,2019-10-01T00:00:00,
Rajasthan,Sawai Madhopur,Transfer from hotel to railway station,2019-10-01T00:00:00,
Rajasthan,Sawai Madhopur,Game ride by canter in Ranthambhore National Park,2019-10-01T00:00:00,
Rajasthan,Sawai Madhopur,Private jeep safari in Ranthambhore National Park,2019-10-01T00:00:00,
Rajasthan,Sawai Madhopur,Jeep safari in Ranthambhore National Park,2019-10-01T00:00:00,
Rajasthan,Sawai Madhopur,Morning and afternoon jeep safaris in Ranthambore National Park,2019-10-01T00:00:00,
Rajasthan,Dholpur,Chambal boat safari,2019-10-01T00:00:00,
Rajasthan,Karauli,Walking tour of Karauli,2019-10-01T00:00:00,
Rajasthan,Karauli,Camel cart ride to Old City Palace,2019-10-01T00:00:00,
Rajasthan,Sawai Madhopur,Morning and afternoon game rides by canter,2019-10-01T00:00:00,
Rajasthan,Sawai Madhopur,Jeep safari in Ranthambhore National Park,2019-10-01T00:00:00,
Rajasthan,Sawai Madhopur,Morning and afternoon jeep safaris in Ranthambore National Park,2019-10-01T00:00:00,
Rajasthan,Sawai Madhopur,Game ride by canter in Ranthambhore National Park,2019-10-01T00:00:00,
Rajasthan,Sawai Madhopur,Morning and afternoon game rides by canter,2019-10-01T00:00:00,
Rajasthan,Sawai Madhopur,Private jeep safari in Ranthambhore National Park,2019-10-01T00:00:00,
Rajasthan,Sawai Madhopur,Jeep safari in Ranthambhore National Park,2019-10-01T00:00:00,
Rajasthan,Sawai Madhopur,Visit of Ranthambhore Fort,2019-10-01T00:00:00,
Rajasthan,Sawai Madhopur,Morning and afternoon game rides by canter,2019-10-01T00:00:00,
Rajasthan,Sawai Madhopur,Morning and afternoon jeep safaris in Ranthambore National Park,2019-10-01T00:00:00,
Rajasthan,Sawai Madhopur,Transfer from hotel to railway station,2019-10-01T00:00:00,
Rajasthan,Sawai Madhopur,Transfer from railway station to hotel,2019-10-01T00:00:00,
Rajasthan,Sawai Madhopur,Game ride by canter in Ranthambhore National Park,2019-10-01T00:00:00,
Rajasthan,Udaipur,Private sunset boat ride on Lake Pichola,2019-10-01T00:00:00,
Rajasthan,Jaipur,Early morning cycle tour of Jaipur,2019-10-01T00:00:00,
Rajasthan,Jaipur,Morning walking tour of Jaipur,2019-10-01T00:00:00,
Rajasthan,Jaipur,Early morning private cycle tour of Jaipur,2019-10-01T00:00:00,
Rajasthan,Jaipur,Morning private walking tour of Jaipur,2019-10-01T00:00:00,
Rajasthan,Jaipur,"A culinary tour with an Indian housewife, lunch or dinner",2019-10-01T00:00:00,
Rajasthan,Udaipur,Morning city tour of Udaipur,2019-10-01T00:00:00,
Rajasthan,Udaipur,Private boat ride on Lake Pichola,2019-10-01T00:00:00,Regular private ruise 1-7 pax: 5300
Rajasthan,Udaipur,Boat ride on Lake Pichola,2019-10-01T00:00:00,
Rajasthan,Udaipur,Indian cooking class,2019-10-01T00:00:00,
Rajasthan,Udaipur,Morning city tour of Udaipur followed by a boat trip on Lake Pichola (by shared boat),2019-10-01T00:00:00,
Rajasthan,Udaipur,Sunset boat ride on Lake Pichola,2019-10-01T00:00:00,
Rajasthan,Jaisalmer,Morning walking tour of Jaisalmer,2019-10-01T00:00:00,
Rajasthan,Jodhpur,Audio-guide tour of Jodhpur's Meherangarh Fort,2019-10-01T00:00:00,
Rajasthan,Jodhpur,Half day (morning) jeep safari to Bishnoi villages around Jodhpur,2019-10-01T00:00:00,
Rajasthan,Jodhpur,Full day jeep safari to Bishnoi villages around Jodhpur,2019-10-01T00:00:00,"Note: for high end clients, the full day jeep safari can include lunch at Fort Chanwa in Luni @ Rs 1,000/- per person"
Rajasthan,Jodhpur,Half day city tour of Jodhpur,2019-10-01T00:00:00,
Rajasthan,Bharatpur,Visit to the bird sanctuary,2019-10-01T00:00:00,
Rajasthan,Bikaner,Half-day city tour of Bikaner,2019-10-01T00:00:00,
Rajasthan,Jaipur,Full-day sightseeing of Jaipur and Amber Fort,2019-10-01T00:00:00,
Rajasthan,Jaipur,Half-day city tour of Jaipur,2019-10-01T00:00:00,
Rajasthan,Jaipur,Half-day excursion to Amber Fort,2019-10-01T00:00:00,
Rajasthan,Jaipur,See a Bollywood movie,2019-10-01T00:00:00,
Rajasthan,Jaipur,Excursion to Elephantastic,2019-10-01T00:00:00,
Rajasthan,Jodhpur,Transfer from hotel to railway station,2019-10-01T00:00:00,
Rajasthan,Jodhpur,Transfer from airport to hotel,2019-10-01T00:00:00,
Rajasthan,Udaipur,Transfer from hotel to airport,2019-10-01T00:00:00,
Rajasthan,Udaipur,Transfer from railway station to hotel,2019-10-01T00:00:00,
Rajasthan,Udaipur,Transfer from hotel to railway station,2019-10-01T00:00:00,
Rajasthan,Udaipur,Transfer from airport to hotel,2019-10-01T00:00:00,
Rajasthan,Jaisalmer,Transfer from railway station to hotel,2019-10-01T00:00:00,
Rajasthan,Jaisalmer,Transfer from hotel to airport,2019-10-01T00:00:00,
Rajasthan,Jaisalmer,Transfer from airport to hotel,2019-10-01T00:00:00,
Rajasthan,Jaisalmer,Transfer from hotel to railway station,2019-10-01T00:00:00,
Rajasthan,Jodhpur,Transfer from hotel to airport,2019-10-01T00:00:00,
Rajasthan,Jodhpur,Transfer from railway station to hotel,2019-10-01T00:00:00,
Rajasthan,Bikaner,Transfer from hotel to railway station,2019-10-01T00:00:00,
Rajasthan,Bikaner,Transfer from railway station to hotel,2019-10-01T00:00:00,
Rajasthan,Jaipur,Transfer from hotel to airport,2019-10-01T00:00:00,
Rajasthan,Jaipur,Transfer from railway station to hotel,2019-10-01T00:00:00,
Rajasthan,Jaipur,Transfer from hotel to railway station,2019-10-01T00:00:00,
Rajasthan,Jaipur,Transfer from airport to hotel,2019-10-01T00:00:00,
Rajasthan,Chandelao,Jeep safari to villages surrounding Chandelao,2019-10-01T00:00:00,So far the horel is charging 5% GST on jeep safaris
Rajasthan,Chandelao,Camel ride,2019-10-01T00:00:00,So far the horel is charging 5% GST on camel safaris
Rajasthan,Chandelao,Birding trip to Olvi lake,2019-10-01T00:00:00,
Rajasthan,Chandelao,BBQ dinner,2019-10-01T00:00:00,
Rajasthan,Chandelao,Excursion to Pipar bazaar,2019-10-01T00:00:00,
Rajasthan,Karauli,Walking tour of Karauli,2019-10-01T00:00:00,
Rajasthan,Karauli,Camel cart ride to Old City Palace,2019-10-01T00:00:00,
Rajasthan,Deogarh,Afternoon jeep safari (Rural Ramble),2019-10-01T00:00:00,
Rajasthan,Deogarh,Morning train excursion with jeep transfers,2019-10-01T00:00:00,
Rajasthan,Jaisalmer,Afternoon excursion to the Thar desert,2019-10-01T00:00:00,
Rajasthan,Sawai Madhopur,Visit of Ranthambhore Fort,2019-10-01T00:00:00,"The park is closed during the monsoon months of July, August & September."
Rajasthan,Sawai Madhopur,Transfer from hotel to railway station,2019-10-01T00:00:00,
Rajasthan,Sawai Madhopur,Transfer from railway station to hotel,2019-10-01T00:00:00,
Rajasthan,Sawai Madhopur,Private jeep safari in Ranthambhore National Park,2019-10-01T00:00:00,"The park is closed during the monsoon months of July, August & September."
Rajasthan,Osian,Afternoon camel ride in the Thar desert,2019-10-01T00:00:00,
Rajasthan,Osian,Jeep safari to surrounding villages,2019-10-01T00:00:00,
Rajasthan,Sawai Madhopur,Morning and afternoon jeep safaris in Ranthambore National Park,2019-10-01T00:00:00,"The park is closed during the monsoon months of July, August & September."
Rajasthan,Sawai Madhopur,Jeep safari in Ranthambhore National Park,2019-10-01T00:00:00,"The park is closed during the monsoon months of July, August & September."
Rajasthan,Sawai Madhopur,Game ride by canter in Ranthambhore National Park,2019-10-01T00:00:00,"The park is closed during the monsoon months of July, August & September."
Rajasthan,Sawai Madhopur,Morning and afternoon game rides by canter,2019-10-01T00:00:00,"The park is closed during the monsoon months of July, August & September."
Rajasthan,Bijaipur,Jeep safari,2019-10-01T00:00:00,
Rajasthan,Bijaipur,Horse safari,2019-10-01T00:00:00,
Sikkim,Gangtok,Excursion to Rumtek Monastery,2019-10-01T00:00:00,
Sikkim,Gangtok,Full-day excursion to Phodang & Labrang by NAC Jeep,2019-10-01T00:00:00,
Sikkim,Rinchenpong,Day at leisure in Rinchenpong,2020-10-01T00:00:00,
Sikkim,Pelling,Afternoon visit to Pemyangtse Monastery,2020-10-01T00:00:00,
Sikkim,Pelling,Early morning hike to Sanga Choling Monastery,2020-10-01T00:00:00,
Tamil Nadu,Chennai,Half-day city tour of Chennai,2019-10-01T00:00:00,
Tamil Nadu,Chennai,Excursion to Mamallapuram (with local guide),2019-10-01T00:00:00,
Tamil Nadu,Chennai,Full-day excursion to Mamallapuram and Kanchipuram,2019-10-01T00:00:00,
Tamil Nadu,Chennai,Transfer from airport to hotel,2019-10-01T00:00:00,
Tamil Nadu,Chennai,Transfer from hotel to airport,2019-10-01T00:00:00,
Tamil Nadu,Chennai,Transfer from hotel to railway station,2019-10-01T00:00:00,
Tamil Nadu,Ootacamund,Day at leisure to explore Ooty,2020-10-01T00:00:00,
Tamil Nadu,Ootacamund,Activities at the Savoy Hotel,2020-10-01T00:00:00,
Tamil Nadu,Madurai,Transfer from railway station to hotel,2019-10-01T00:00:00,
Tamil Nadu,Madurai,Half-day Madurai walking trail,2019-10-01T00:00:00,
Tamil Nadu,Madurai,Evening Madurai food trail,2019-10-01T00:00:00,
Tamil Nadu,Kodaikanal,Full-day at leisure to explore Elephant Valley,2020-10-01T00:00:00,
Tamil Nadu,Chettinad,Day at leisure in Chettinad,2020-10-01T00:00:00,
Tamil Nadu,Coonoor,Day at leisure in Coonoor,2020-10-01T00:00:00,
Tamil Nadu,Chennai,Transfer from railway station to hotel,2019-10-01T00:00:00,
Tamil Nadu,Madurai,Half day city tour of Madurai,2019-10-01T00:00:00,
Tamil Nadu,Madurai,Evening temple ceremony in Madurai,2019-10-01T00:00:00,
Tamil Nadu,Madurai,Transfer from airport to hotel,2019-10-01T00:00:00,
Tamil Nadu,Madurai,Transfer from hotel to airport,2019-10-01T00:00:00,
Tamil Nadu,Madurai,Transfer from hotel to railway station,2019-10-01T00:00:00,
Uttar Pradesh,Agra,Transfer from hotel to railway station,2019-10-01T00:00:00,For the Railway transfers after 9.00 P M - Driver night allowance of Rs.150/- per transfer is applicable.
Uttar Pradesh,Agra,Transfer from hotel to Tundla railway station,2019-10-01T00:00:00,For the Railway transfers after 9.00 P M - Driver night allowance of Rs.150/- per transfer is applicable.
Uttar Pradesh,Agra,Transfer from railway station to hotel,2019-10-01T00:00:00,For the Railway transfers after 9.00 P M - Driver night allowance of Rs.150/- per transfer is applicable.
Uttar Pradesh,Agra,Transfer from Tundla railway station to hotel,2019-10-01T00:00:00,For the Railway transfers after 9.00 P M - Driver night allowance of Rs.150/- per transfer is applicable.
Uttar Pradesh,Agra,Transfer from airport to hotel,2019-10-01T00:00:00,
Uttar Pradesh,Agra,Transfer from hotel to airport,2019-10-01T00:00:00,
Uttar Pradesh,Varanasi,Early morning Ganges river boat trip & Varanasi Heritage Walk,2019-10-01T00:00:00,"Hotel reception charges will apply Rs 250 per group (riverside) for non-Assighat hotels such as Jukaso, Brijrama & Suryoday.   City hotels require transport and reception charge is Rs 500 per group."
Uttar Pradesh,Varanasi,Evening aarti ceremony by boat,2019-10-01T00:00:00,"Hotel reception charges will apply rs. 250 per group (riverside) for non-Assighat hotels such as Jukaso, Brijrama & Suryoday.   City hotels require transport and reception charge is rs. 500 per group."
Uttar Pradesh,Varanasi,"Early morning Ganges aarti, boat ride and walking tour",2019-10-01T00:00:00,
Uttar Pradesh,Lucknow,Evening culinary tour,2019-10-01T00:00:00,"The cost is inclusive of expert culinary guide & food consumption during the walk at that particular area.  Other inclusions: FOC Hand-Sanitiser, paper napkins, water bottle & disposable cutlery sets.  "
Uttar Pradesh,Varanasi,Transfer from hotel to Manduadih railway station,2019-10-01T00:00:00,Extra driver allowance of Rs.250/- after 8 pm to 6 am per transfer if train delayed 5-6 hrs  
Uttar Pradesh,Varanasi,Early morning Ganges river boat trip & Varanasi Heritage Walk,2019-10-01T00:00:00,
Uttar Pradesh,Varanasi,Excursion to Sarnath,2019-10-01T00:00:00,
Uttar Pradesh,Varanasi,Half-day excursion to Ramnagar,2019-10-01T00:00:00,
Uttar Pradesh,Varanasi,Evening aarti ceremony by boat,2019-10-01T00:00:00,
Uttar Pradesh,Varanasi,Early morning Ganges river boat trip followed by a short walk through the Old City,2019-10-01T00:00:00,
Uttar Pradesh,Varanasi,Transfer from hotel to airport,2019-10-01T00:00:00,
Uttar Pradesh,Varanasi,Transfer from hotel to railway station,2019-10-01T00:00:00,Extra driver allowance of Rs.250/- after 8 pm to 6 am per transfer if train delayed 5-6 hrs  
Uttar Pradesh,Varanasi,Transfer from railway station to hotel,2019-10-01T00:00:00,Extra driver allowance of Rs.250/- after 8 pm to 6 am per transfer if train delayed 5-6 hrs  
Uttar Pradesh,Varanasi,Transfer from Mughal Sarai railway station to hotel,2019-10-01T00:00:00,Extra driver allowance of Rs.250/- after 8 pm to 6 am per transfer if train delayed 5-6 hrs  
Uttar Pradesh,Varanasi,Transfer from hotel to Mughal Sarai railway station,2019-10-01T00:00:00,Extra driver allowance of Rs.250/- after 8 pm to 6 am per transfer if train delayed 5-6 hrs  
Uttar Pradesh,Varanasi,Transfer from Manduadih railway station to hotel,2019-10-01T00:00:00,Extra driver allowance of Rs.250/- after 8 pm to 6 am per transfer if train delayed 5-6 hrs  
Uttar Pradesh,Lucknow,Transfer from airport to hotel,2019-10-01T00:00:00,
Uttar Pradesh,Lucknow,Transfer from hotel to airport,2019-10-01T00:00:00,
Uttar Pradesh,Lucknow,Transfer from railway station to hotel,2019-10-01T00:00:00,
Uttar Pradesh,Lucknow,Transfer from hotel to railway station,2019-10-01T00:00:00,
Uttar Pradesh,Lucknow,Half-day city tour of Lucknow,2019-10-01T00:00:00,
Uttar Pradesh,Varanasi,Transfer from airport to hotel,2019-10-01T00:00:00,
Uttar Pradesh,Agra,Visit to the Taj Mahal & Red Fort,2019-10-01T00:00:00,
Uttar Pradesh,Agra,Excursion to Fatehpur Sikri,2019-10-01T00:00:00,
Uttar Pradesh,Agra,Early morning visit on your own to the Taj Mahal,2019-10-01T00:00:00,
Uttar Pradesh,Agra,Afternoon guided tour of Agra's other monuments,2019-10-01T00:00:00,
Uttar Pradesh,Agra,Day trip from Delhi to Agra by Gatimaan Express train,2019-10-01T00:00:00,
Uttar Pradesh,Agra,Early morning guided visit to the Taj,2019-10-01T00:00:00,
Uttarakhand,Haridwar,Transfer from railway station to hotel,2019-10-01T00:00:00,
Uttarakhand,Haridwar,Transfer from hotel to railway station,2019-10-01T00:00:00,
Uttarakhand,Haridwar,Half day tour of Haridwar,2019-10-01T00:00:00,
Uttarakhand,Rishikesh,Half day tour of Rishikesh,2019-10-01T00:00:00,
Uttarakhand,Corbett,Jeep safari in Corbett National Park,2019-10-01T00:00:00,"There are four zones that can be visited - Bijrani & Durgadevi (from 01 Oct to 30 June), Jhirna & Sitabani (round the year) & Dhikala Zone (from 15 Nov to 15 May)     Morning safari - from 6 to 10 AM. & Afternoon safari - from 2 to 6 PM.                  "
Uttarakhand,Corbett,Canter safari to Dhikala,2019-10-01T00:00:00,The canter safari to Dhikala only operates from 15 Nov to 15 May                There are 2 safaris that can be taken in a day -       Morning safari - from 6 to 10 AM.       Afternoon safari - from 2 to 6 PM.              There is a limit in the no of jeeps that can enter the forest in a day.       Therefore we advice you to book the Jungle safari in 4x4 open Gypsies in advance.       
Uttarakhand,Rishikesh,Day at leisure in Rishikesh,2020-10-01T00:00:00,
Uttarakhand,Kotnaikana,Walk to Kotnaikana village,2020-10-01T00:00:00,
Uttarakhand,Binsar,Walk to Binsar,2020-10-01T00:00:00,
Uttarakhand,Binsar,Day at leisure at Itmenaan Estate,2020-10-01T00:00:00,
Uttarakhand,Haridwar,Watch the spectacular daily aarti ceremony at sunset,2020-10-01T00:00:00,
Uttarakhand,Mussoorie,Day at leisure in Mussoorie,2020-10-01T00:00:00,
Uttarakhand,Ramgarh,Day at leisure in Ramgarh,2020-10-01T00:00:00,
Uttarakhand,Binsar,Bird watching with naturalist,2019-10-01T00:00:00,
Uttarakhand,Rishikesh,Transfer from railway station to hotel,2019-10-01T00:00:00,
Uttarakhand,Rishikesh,Transfer to hotel to railway station,2019-10-01T00:00:00,
Uttarakhand,Bhimtal,Exploring lakes and birding,2020-10-01T00:00:00,
Uttarakhand,Thikalna,Walk to Thikalna,2020-10-01T00:00:00,
Uttarakhand,Thikalna,Walk around Thikalna,2020-10-01T00:00:00,
West Bengal,Darjeeling,Early morning trip to Tiger Hill & Ghoom Monastery,2019-10-01T00:00:00,
West Bengal,Darjeeling,"Half-day tour of Himalayan Mountaineering Institute, Zoo and Tibetan Refugee Centre",2019-10-01T00:00:00,
West Bengal,Darjeeling,Toy train to Ghoom,2019-10-01T00:00:00,
West Bengal,Darjeeling,Afternoon toy train joy ride to Ghoom,2019-10-01T00:00:00,
West Bengal,Darjeeling,Walk to Sirikhola,2019-10-01T00:00:00,
West Bengal,Darjeeling,Walk to Gurdum,2019-10-01T00:00:00,
West Bengal,Sunderbans,Village walk followed by boat trip,2020-10-01T00:00:00,
West Bengal,Sunderbans,Ferry from Gadhkali to Bali Island,2020-10-01T00:00:00,
West Bengal,Sunderbans,Ferry from Bali Island to Gadhkali,2020-10-01T00:00:00,
West Bengal,Singalila,Drive into Singalila National Park by Land Rover,2020-10-01T00:00:00,
West Bengal,Singalila,Drive out of Singalila National Park by Land Rover,2020-10-01T00:00:00,
West Bengal,Serampore,Day at leisure in Serampore,2020-10-01T00:00:00,
West Bengal,Murshidabad,Transfer from hotel to railway station,2020-10-01T00:00:00,
West Bengal,Murshidabad,Transfer from railway station to hotel,2020-10-01T00:00:00,
West Bengal,Singalila,Tracking the Red Panda and bird-watching,2020-10-01T00:00:00,
West Bengal,Singalila,Further opportunities for Red Panda sighting and bird-watching,2020-10-01T00:00:00,
West Bengal,Sunderbans,Afternoon birding and game cruise,2020-10-01T00:00:00,
West Bengal,Sunderbans,Full-day cruise to explore the Sunderbans,2020-10-01T00:00:00,
West Bengal,Darjeeling,Walk back to Rimbik,2020-10-01T00:00:00,
West Bengal,Darjeeling,Half-day Tea Garden tour,2020-10-01T00:00:00,Monday and winters Nov-Mar (depending on rainfall)
West Bengal,Kolkata,Transfer from airport to Rajbari Bawali,2020-10-01T00:00:00,
West Bengal,Kolkata,Transfer from Rajbari Bawali to airport,2020-10-01T00:00:00,
West Bengal,Murshidabad,Morning heritage walk of Murshidabad,2020-10-01T00:00:00,
West Bengal,Murshidabad,Morning excursion to Baranagar and Cossimbazar,2020-10-01T00:00:00,
West Bengal,Darjeeling,"Half-day tour of Himalayan Mountaineering Institute, Zoo and Tibetan Refugee Centre",2020-10-01T00:00:00,
West Bengal,Darjeeling,Toy train to Ghoom,2020-10-01T00:00:00,
West Bengal,Darjeeling,Half day train ride up to Ghoom and back by car,2020-10-01T00:00:00,
West Bengal,Darjeeling,Walk to Sirikhola,2020-10-01T00:00:00,
West Bengal,Darjeeling,Walk to Gurdum,2020-10-01T00:00:00,
West Bengal,Darjeeling,Walk to Sandakphu,2020-10-01T00:00:00,
West Bengal,Kolkata,Transfer from airport to hotel,2020-10-01T00:00:00,
West Bengal,Kolkata,Transfer from hotel to airport,2020-10-01T00:00:00,
West Bengal,Kolkata,Transfer from hotel to railway station,2020-10-01T00:00:00,
West Bengal,Kolkata,Transfer from railway station to hotel,2020-10-01T00:00:00,
West Bengal,Kolkata,Half-day city tour of Kolkata,2020-10-01T00:00:00,
West Bengal,Darjeeling,Early morning trip to Tiger Hill & Ghoom Monastery,2020-10-01T00:00:00,
West Bengal,Kolkata,Transfer from airport to hotel,2019-10-01T00:00:00,
West Bengal,Kolkata,Transfer from hotel to airport,2019-10-01T00:00:00,
West Bengal,Kolkata,Transfer from hotel to railway station,2019-10-01T00:00:00,
West Bengal,Kolkata,Transfer from railway station to hotel,2019-10-01T00:00:00,
West Bengal,Bagdogra,Transfer from airport to hotel,2019-10-01T00:00:00,
West Bengal,Bagdogra,Transfer from hotel to airport,2019-10-01T00:00:00,
West Bengal,Darjeeling,Walk to Sandakphu,2019-10-01T00:00:00,
West Bengal,Darjeeling,Walk back to Rimbik,2019-10-01T00:00:00,
West Bengal,Darjeeling,Half-day Tea Garden tour,2019-10-01T00:00:00,Monday and winters Nov-Mar (depending on rainfall)
West Bengal,Kolkata,Half-day city tour of Kolkata,2019-10-01T00:00:00,
West Bengal,Kolkata,Visit to Mother Theresa's house & orphanage,2019-10-01T00:00:00,
West Bengal,Kolkata,Full day city tour of Kolkata,2019-10-01T00:00:00,
