state,city,organisation,description,costservices_id,addressbook_id,services_id,wef,remarks,tourleaderfree,servicecharges,agentcharges,commissionontransport,cities_id,costservicesdistinct_id,costservicesguides_id,costservices_id,frompax,topax,cost,tourleaderfree,remarks,currencies_id,resident,SpecialGst,nett
Bihar,Bodh Gaya,Steps India Tours,Half-day tour of Bodh Gaya,7303,2694,992,2019-10-01T00:00:00,,,0,0,0,59,1409,4939,7303,1,5,1800,0,,13,4,,0
Bihar,Bodh Gaya,Steps India Tours,Half-day tour of Bodh Gaya,7303,2694,992,2019-10-01T00:00:00,,,0,0,0,59,1409,4940,7303,6,14,2200,0,,13,4,,0
Bihar,Bodh Gaya,Steps India Tours,Half-day tour of Bodh Gaya,7303,2694,992,2019-10-01T00:00:00,,,0,0,0,59,1409,4941,7303,15,35,2900,0,,13,4,,0
Bihar,Bodh Gaya,Steps India Tours,Full day tour of Bodh Gaya,7304,2694,1040,2019-10-01T00:00:00,,,0,0,0,59,1410,4942,7304,1,5,2200,0,,13,4,,0
Bihar,Bodh Gaya,Steps India Tours,Full day tour of Bodh Gaya,7304,2694,1040,2019-10-01T00:00:00,,,0,0,0,59,1410,4943,7304,6,14,2850,0,,13,4,,0
Bihar,Bodh Gaya,Steps India Tours,Full day tour of Bodh Gaya,7304,2694,1040,2019-10-01T00:00:00,,,0,0,0,59,1410,4944,7304,15,35,3800,0,,13,4,,0
Chandigarh,Chandigarh,Summit Adventures,Half-day sightseeing of Chandigarh,6963,2144,1201,2019-10-01T00:00:00,,,,,,165,,4757,6963,1,2,2000,0,,13,4,,0
Chandigarh,Chandigarh,Summit Adventures,Half-day sightseeing of Chandigarh,6963,2144,1201,2019-10-01T00:00:00,,,,,,165,,4758,6963,3,15,2500,0,,13,4,,0
Chandigarh,Chandigarh,Summit Adventures,Full Day Sightseeing of Chandigarh,6964,2144,1202,2019-10-01T00:00:00,,,,0,0,165,,4759,6964,1,2,2500,0,,13,4,,0
Chandigarh,Chandigarh,Summit Adventures,Full Day Sightseeing of Chandigarh,6964,2144,1202,2019-10-01T00:00:00,,,,0,0,165,,4760,6964,3,15,3000,0,,13,4,,0
Delhi,Delhi,Ramico Tours & Travels Pvt. Ltd.,Full-day city tour of Old & New Delhi,7124,2890,696,2019-10-01T00:00:00,Delhi Guide provided by Kaustubh Holidays in Jaipur,,,,,103,,4850,7124,1,5,2750,0,,13,4,,0
Delhi,Delhi,Ramico Tours & Travels Pvt. Ltd.,Full-day city tour of Old & New Delhi,7124,2890,696,2019-10-01T00:00:00,Delhi Guide provided by Kaustubh Holidays in Jaipur,,,,,103,,4851,7124,6,14,3465,0,,13,4,,0
Delhi,Delhi,Ramico Tours & Travels Pvt. Ltd.,Full-day tour of New Delhi,7125,2890,1120,2019-10-01T00:00:00,Delhi Guide provided by Kaustubh Holidays in Jaipur,,,0,0,103,,4852,7125,1,5,2750,0,,13,4,,0
Delhi,Delhi,Ramico Tours & Travels Pvt. Ltd.,Full-day tour of New Delhi,7125,2890,1120,2019-10-01T00:00:00,Delhi Guide provided by Kaustubh Holidays in Jaipur,,,0,0,103,,4853,7125,6,14,3465,0,,13,4,,0
Delhi,Delhi,Ramico Tours & Travels Pvt. Ltd.,Half-day tour of Old Delhi,7122,2890,611,2019-10-01T00:00:00,Delhi Guide provided by Kaustubh Holidays in Jaipur,,,,,103,,4846,7122,1,5,2310,0,,13,4,,0
Delhi,Delhi,Ramico Tours & Travels Pvt. Ltd.,Half-day tour of Old Delhi,7122,2890,611,2019-10-01T00:00:00,Delhi Guide provided by Kaustubh Holidays in Jaipur,,,,,103,,4847,7122,6,14,2750,0,,13,4,,0
Delhi,Delhi,Ramico Tours & Travels Pvt. Ltd.,Half-day tour of New Delhi,7123,2890,612,2019-10-01T00:00:00,Delhi Guide provided by Kaustubh Holidays in Jaipur,,,,,103,,4848,7123,1,5,2310,0,,13,4,,0
Delhi,Delhi,Ramico Tours & Travels Pvt. Ltd.,Half-day tour of New Delhi,7123,2890,612,2019-10-01T00:00:00,Delhi Guide provided by Kaustubh Holidays in Jaipur,,,,,103,,4849,7123,6,14,2750,0,,13,4,,0
Delhi,Delhi,Kaustubh Holidays Tours & Travels Pvt Ltd,Full day tour of Old Delhi by metro & rickshaw,6999,2170,1119,2019-10-01T00:00:00,,,,0,0,103,,4789,6999,1,5,2750,0,,13,4,,0
Delhi,Delhi,Kaustubh Holidays Tours & Travels Pvt Ltd,Full day tour of Old Delhi by metro & rickshaw,6999,2170,1119,2019-10-01T00:00:00,,,,0,0,103,,4790,6999,6,14,3465,0,,13,4,,0
Delhi,Delhi,Kaustubh Holidays Tours & Travels Pvt Ltd,Half-day tour of Old Delhi by metro & rickshaw,6995,2170,1038,2019-10-01T00:00:00,Red Fort is closed on Mondays,,,0,0,103,,4781,6995,1,5,2310,0,,13,4,,0
Delhi,Delhi,Kaustubh Holidays Tours & Travels Pvt Ltd,Half-day tour of Old Delhi by metro & rickshaw,6995,2170,1038,2019-10-01T00:00:00,Red Fort is closed on Mondays,,,0,0,103,,4782,6995,6,14,2750,0,,13,4,,0
Delhi,Delhi,Kaustubh Holidays Tours & Travels Pvt Ltd,Half-day tour of New Delhi,6996,2170,612,2019-10-01T00:00:00,,,0,0,0,103,1397,4783,6996,1,5,2310,0,,13,4,,0
Delhi,Delhi,Kaustubh Holidays Tours & Travels Pvt Ltd,Half-day tour of New Delhi,6996,2170,612,2019-10-01T00:00:00,,,0,0,0,103,1397,4784,6996,6,14,2750,0,,13,4,,0
Delhi,Delhi,Kaustubh Holidays Tours & Travels Pvt Ltd,Half-day tour of Old Delhi,6997,2170,611,2019-10-01T00:00:00,Red Fort is closed on Mondays  ,,0,0,0,103,1398,4785,6997,1,5,2310,0,,13,4,,0
Delhi,Delhi,Kaustubh Holidays Tours & Travels Pvt Ltd,Half-day tour of Old Delhi,6997,2170,611,2019-10-01T00:00:00,Red Fort is closed on Mondays  ,,0,0,0,103,1398,4786,6997,6,14,2750,0,,13,4,,0
Delhi,Delhi,Kaustubh Holidays Tours & Travels Pvt Ltd,Full-day city tour of Old & New Delhi,6998,2170,696,2019-10-01T00:00:00,Red Fort is closed on Mondays,,0,0,0,103,1399,4787,6998,1,5,2750,0,,13,4,,0
Delhi,Delhi,Kaustubh Holidays Tours & Travels Pvt Ltd,Full-day city tour of Old & New Delhi,6998,2170,696,2019-10-01T00:00:00,Red Fort is closed on Mondays,,0,0,0,103,1399,4788,6998,6,14,3465,0,,13,4,,0
Goa,Goa,Vailankanni Auto Hires,Half-day city tour of Panjim and the Churches of Old Goa,6883,142,272,2020-01-04T00:00:00,The above rates are not applicable from 23 Dec to 03 Jan,0,,,,139,146,4733,6883,1,4,1750,0,,13,4,,0
Goa,Goa,Vailankanni Auto Hires,Half-day city tour of Panjim and the Churches of Old Goa,6883,142,272,2020-01-04T00:00:00,The above rates are not applicable from 23 Dec to 03 Jan,0,,,,139,146,4734,6883,5,20,2900,0,,13,4,,0
Goa,Goa,Vailankanni Auto Hires,Half-day city tour of Panjim and the Churches of Old Goa,6882,142,272,2019-12-23T00:00:00,,0,,,,139,146,4731,6882,1,4,1750,0,,13,4,,0
Goa,Goa,Vailankanni Auto Hires,Half-day city tour of Panjim and the Churches of Old Goa,6882,142,272,2019-12-23T00:00:00,,0,,,,139,146,4732,6882,5,20,2900,0,,13,4,,0
Goa,Goa,Vailankanni Auto Hires,Half-day city tour of Panjim and the Churches of Old Goa,6881,142,272,2019-10-01T00:00:00,The above rates are not applicable from 23 Dec to 03 Jan,0,,,,139,146,4729,6881,1,4,1750,0,,13,4,,0
Goa,Goa,Vailankanni Auto Hires,Half-day city tour of Panjim and the Churches of Old Goa,6881,142,272,2019-10-01T00:00:00,The above rates are not applicable from 23 Dec to 03 Jan,0,,,,139,146,4730,6881,5,20,2900,0,,13,4,,0
Gujarat,Ahmedabad,Indo West Tours,Afternoon visit to Gandhi's Sabarmati Ashram & Law Garden Market,7057,2924,1076,2019-10-01T00:00:00,,,,0,0,12,,4814,7057,1,4,2500,0,,13,4,,0
Gujarat,Ahmedabad,Indo West Tours,Afternoon visit to Gandhi's Sabarmati Ashram & Law Garden Market,7057,2924,1076,2019-10-01T00:00:00,,,,0,0,12,,4815,7057,5,14,3000,0,,13,4,,0
Gujarat,Ahmedabad,Indo West Tours,Afternoon visit to Gandhi's Sabarmati Ashram & Law Garden Market,7057,2924,1076,2019-10-01T00:00:00,,,,0,0,12,,4816,7057,15,35,3500,0,,13,4,,0
Gujarat,Ahmedabad,Indo West Tours,Full day city tour of Ahmedabad,7050,2924,300,2019-10-01T00:00:00,,,,0,0,12,,4805,7050,1,4,3000,0,,13,4,,0
Gujarat,Ahmedabad,Indo West Tours,Full day city tour of Ahmedabad,7050,2924,300,2019-10-01T00:00:00,,,,0,0,12,,4806,7050,5,14,3500,0,,13,4,,0
Gujarat,Ahmedabad,Indo West Tours,Full day city tour of Ahmedabad,7050,2924,300,2019-10-01T00:00:00,,,,0,0,12,,4807,7050,15,35,4000,0,,13,4,,0
Gujarat,Ahmedabad,Indo West Tours,Full day excursion to Patan & Modhera,7051,2924,301,2019-10-01T00:00:00,,,,0,0,12,,4808,7051,1,10,3000,0,,13,4,,0
Gujarat,Ahmedabad,Indo West Tours,Full day sightseeing of Adalaj Stepwell and Huthesingh Jain Temples,7052,2924,1010,2019-10-01T00:00:00,,,,0,0,12,,4809,7052,1,10,3000,0,,13,4,,0
Gujarat,Ahmedabad,Indo West Tours,Half day city tour of Ahmedabad,7053,2924,299,2019-10-01T00:00:00,,,,0,0,12,,4810,7053,1,4,3000,0,,13,4,,0
Gujarat,Ahmedabad,Indo West Tours,Half day city tour of Ahmedabad,7053,2924,299,2019-10-01T00:00:00,,,,0,0,12,,4811,7053,5,14,3500,0,,13,4,,0
Gujarat,Ahmedabad,Indo West Tours,Half day city tour of Ahmedabad,7053,2924,299,2019-10-01T00:00:00,,,,0,0,12,,4812,7053,15,35,4000,0,,13,4,,0
Gujarat,Ahmedabad,Indo West Tours,Half day excursion to Lothal,7054,2924,1009,2019-10-01T00:00:00,,,,0,0,12,,4813,7054,1,10,3500,0,,13,4,,0
Haryana,Gurgaon,Ramico Tours & Travels Pvt. Ltd.,Half day sightseeing tour of New Delhi,7132,2890,890,2019-10-01T00:00:00,"For Delhi sightseeing starting from Gurgaon, we have to ask Ramico for a guide ",,,,,447,,4854,7132,1,5,2000,0,,13,4,,0
Haryana,Gurgaon,Ramico Tours & Travels Pvt. Ltd.,Half day sightseeing tour of New Delhi,7132,2890,890,2019-10-01T00:00:00,"For Delhi sightseeing starting from Gurgaon, we have to ask Ramico for a guide ",,,,,447,,4855,7132,6,14,2600,0,,13,4,,0
Haryana,Gurgaon,Ramico Tours & Travels Pvt. Ltd.,Half day sightseeing tour of New Delhi,7132,2890,890,2019-10-01T00:00:00,"For Delhi sightseeing starting from Gurgaon, we have to ask Ramico for a guide ",,,,,447,,4856,7132,15,35,3450,0,,13,4,,0
Haryana,Gurgaon,Ramico Tours & Travels Pvt. Ltd.,Full day sightseeing tour of Old & New Delhi,7133,2890,891,2019-10-01T00:00:00,"For Delhi sightseeing starting from Gurgaon, we have to ask Ramico for a guide ",,,0,0,447,,4857,7133,1,5,2000,0,,13,4,,0
Haryana,Gurgaon,Ramico Tours & Travels Pvt. Ltd.,Full day sightseeing tour of Old & New Delhi,7133,2890,891,2019-10-01T00:00:00,"For Delhi sightseeing starting from Gurgaon, we have to ask Ramico for a guide ",,,0,0,447,,4858,7133,6,14,2600,0,,13,4,,0
Haryana,Gurgaon,Ramico Tours & Travels Pvt. Ltd.,Full day sightseeing tour of Old & New Delhi,7133,2890,891,2019-10-01T00:00:00,"For Delhi sightseeing starting from Gurgaon, we have to ask Ramico for a guide ",,,0,0,447,,4859,7133,15,35,3450,0,,13,4,,0
Himachal Pradesh,Shimla,Band Box Heights & Valleys,Walking tour of Shimla,7085,2015,908,2019-10-01T00:00:00,,,,0,0,380,,4819,7085,1,35,1800,0,,13,4,,0
Himachal Pradesh,Mashobra,Band Box Heights & Valleys,Full-day tour of Shimla,7086,2015,998,2019-10-01T00:00:00,,,0,0,0,270,1308,4820,7086,1,35,1800,0,,13,4,,0
Himachal Pradesh,Dharamsala,Summit Adventures,Toy train Kangra to Palampur,7431,2144,1255,2019-10-01T00:00:00,,,,0,0,112,,4990,7431,1,10,2000,0,,13,4,,0
Himachal Pradesh,Shimla,Summit Adventures,Morning walking tour of Shimla,7440,2144,1208,2019-10-01T00:00:00,,,,0,0,380,,4991,7440,1,2,1500,0,,13,4,,0
Himachal Pradesh,Shimla,Summit Adventures,Morning walking tour of Shimla,7440,2144,1208,2019-10-01T00:00:00,,,,0,0,380,,4992,7440,3,10,2000,0,,13,4,,0
Himachal Pradesh,Shimla,Summit Adventures,Walking tour of Shimla,6962,2144,908,2019-10-01T00:00:00,,,,,,380,,4755,6962,1,2,2200,0,,13,4,,0
Himachal Pradesh,Shimla,Summit Adventures,Walking tour of Shimla,6962,2144,908,2019-10-01T00:00:00,,,,,,380,,4756,6962,3,35,2800,0,,13,4,,0
Himachal Pradesh,Dharamsala,Summit Adventures,Half-day city tour,6955,2144,903,2019-10-01T00:00:00,,,0,0,0,112,1044,4751,6955,1,2,1200,0,,13,4,,0
Himachal Pradesh,Dharamsala,Summit Adventures,Half-day city tour,6955,2144,903,2019-10-01T00:00:00,,,0,0,0,112,1044,4752,6955,3,35,1500,0,,13,4,,0
Himachal Pradesh,Dharamsala,Summit Adventures,Full-day city tour,6956,2144,904,2019-10-01T00:00:00,,,0,0,0,112,1045,4753,6956,1,2,2000,0,,13,4,,0
Himachal Pradesh,Dharamsala,Summit Adventures,Full-day city tour,6956,2144,904,2019-10-01T00:00:00,,,0,0,0,112,1045,4754,6956,3,35,2500,0,,13,4,,0
Jammu & Kashmir,Srinagar,Rimo Expeditions,Sightseeing tour of the Moghul Gardens,7031,199,977,2019-10-01T00:00:00,,,0,0,0,390,1284,4804,7031,1,15,1650,0,,13,4,,0
Karnataka,Bangalore,Travelzone,Half-day city tour of Bangalore,6884,2664,262,2019-10-01T00:00:00,,,,0,0,58,,4735,6884,1,4,1800,0,,13,4,,0
Karnataka,Bangalore,Travelzone,Half-day city tour of Bangalore,6884,2664,262,2019-10-01T00:00:00,,,,0,0,58,,4736,6884,5,9,2200,0,,13,4,,0
Karnataka,Bangalore,Travelzone,Full day city tour of Bangalore,6885,2664,697,2019-10-01T00:00:00,,,,0,0,58,,4737,6885,1,4,2200,0,,13,4,,0
Karnataka,Bangalore,Travelzone,Full day city tour of Bangalore,6885,2664,697,2019-10-01T00:00:00,,,,0,0,58,,4738,6885,5,9,2800,0,,13,4,,0
Karnataka,Hampi,My Way Tour & Travel,Full-day sightseeing of Hampi,7155,2991,947,2019-10-01T00:00:00,,,,,,150,,4878,7155,1,2,2500,0,,13,4,,0
Karnataka,Hampi,My Way Tour & Travel,Full-day sightseeing of Hampi,7155,2991,947,2019-10-01T00:00:00,,,,,,150,,4879,7155,3,4,3000,0,,13,4,,0
Karnataka,Hospet,Krishna Palace,Full-day sightseeing Hampi,7076,2434,948,2019-10-01T00:00:00,,,0,0,0,156,1243,4817,7076,1,5,2000,0,,13,4,,0
Karnataka,Hospet,Krishna Palace,Full-day sightseeing Hampi,7076,2434,948,2019-10-01T00:00:00,,,0,0,0,156,1243,4818,7076,6,15,3000,0,,13,4,,0
Karnataka,Mysore,Travelzone,Half-day city tour of Mysore,6892,2664,190,2019-10-01T00:00:00,,,,,,293,,4739,6892,1,4,1800,0,,13,4,,0
Karnataka,Mysore,Travelzone,Half-day city tour of Mysore,6892,2664,190,2019-10-01T00:00:00,,,,,,293,,4740,6892,5,9,2200,0,,13,4,,0
Karnataka,Mysore,Travelzone,Half-day excursion to Somnathpur,6893,2664,1174,2019-10-01T00:00:00,,,,0,0,293,,4741,6893,1,4,2200,0,,13,4,,0
Karnataka,Mysore,Travelzone,Half-day excursion to Somnathpur,6893,2664,1174,2019-10-01T00:00:00,,,,0,0,293,,4742,6893,5,9,2800,0,,13,4,,0
Kerala,Kochi,Travelcart India Pvt Ltd,Half-day city tour of Fort Cochin,7310,2300,862,2019-10-01T00:00:00,,,0,0,0,87,1087,4955,7310,1,5,1760,0,,13,4,,0
Kerala,Kochi,Travelcart India Pvt Ltd,Half-day city tour of Fort Cochin,7310,2300,862,2019-10-01T00:00:00,,,0,0,0,87,1087,4956,7310,6,14,2200,0,,13,4,,0
Kerala,Kochi,Travelcart India Pvt Ltd,Half-day city tour of Fort Cochin,7310,2300,862,2019-10-01T00:00:00,,,0,0,0,87,1087,4957,7310,15,35,2915,0,,13,4,,0
Kerala,Kochi,Travelcart India Pvt Ltd,Evening Kathakali dance performance,7311,2300,255,2019-10-01T00:00:00,,,0,0,0,87,1088,4958,7311,1,15,700,0,,13,4,,0
Kerala,Munnar,Travelcart India Pvt Ltd,Excursion to Eravikulam National Park and the Tea Museum in Munnar,7335,2300,968,2019-10-01T00:00:00,,,0,0,0,290,1260,4961,7335,1,5,2450,0,,13,4,,0
Kerala,Munnar,Travelcart India Pvt Ltd,Excursion to Eravikulam National Park and the Tea Museum in Munnar,7335,2300,968,2019-10-01T00:00:00,,,0,0,0,290,1260,4962,7335,6,14,3150,0,,13,4,,0
Kerala,Thrissur,Travelcart India Pvt Ltd,Visit to local artisans near the Nila river,7336,2300,1175,2019-10-01T00:00:00,"For the said visits in Thrissur, guide has to come from Cochin and charges for the same will be Rs. 13,500/- + GST for 02 days in Thrissur to show local artisans near the Nila river (half day) and a visit to the Kalamandalam the next morning.",,,,,402,,4963,7336,1,15,13500,0,,13,4,,0
Kerala,Kovalam,Travelcart India Pvt Ltd,Full-day excursion to Kanyakumari and Padmanabhaupuram,7326,2300,244,2019-10-01T00:00:00,,,,0,0,233,,4959,7326,1,5,5000,0,,13,4,,0
Kerala,Kovalam,Travelcart India Pvt Ltd,Full-day excursion to Kanyakumari and Padmanabhaupuram,7326,2300,244,2019-10-01T00:00:00,,,,0,0,233,,4960,7326,6,14,5750,0,,13,4,,0
Ladakh,Leh,Rimo Expeditions,"Full-day excursion to Shey, Thiksey and Hemis",7021,199,523,2019-10-01T00:00:00,,,0,0,0,169,585,4799,7021,1,15,2750,0,,13,4,,0
Ladakh,Leh,Rimo Expeditions,Afternoon walking tour of Leh,7023,199,598,2019-10-01T00:00:00,,,,0,0,169,,4800,7023,1,15,1650,0,,13,4,,0
Ladakh,Leh,Rimo Expeditions,Half-day excursion to Shey & Tikse,7024,199,1148,2019-10-01T00:00:00,,,,0,0,169,,4801,7024,1,15,2750,0,,13,4,,0
Ladakh,Leh,Rimo Expeditions,Full-day excursion to Hemis festival,7025,199,1149,2019-10-01T00:00:00,,,,0,0,169,,4802,7025,1,15,2750,0,,13,4,,0
Maharashtra,Mumbai,Garha Tours & Travels,Mumbai heritage walk (from suburban hotel),7381,2216,1015,2019-10-01T00:00:00,For Mumbai Heritage Walk (from city hotel) we need to quote based on the Guide + Local Taxi  The cost for this menentioned in Miscellaneous Costs are approximate amounts.,,0,0,0,60,1358,4986,7381,1,5,2420,0,,13,4,,0
Maharashtra,Mumbai,Garha Tours & Travels,Mumbai heritage walk (from suburban hotel),7381,2216,1015,2019-10-01T00:00:00,For Mumbai Heritage Walk (from city hotel) we need to quote based on the Guide + Local Taxi  The cost for this menentioned in Miscellaneous Costs are approximate amounts.,,0,0,0,60,1358,4987,7381,6,14,3135,0,,13,4,,0
Maharashtra,Mumbai,Garha Tours & Travels,Mumbai heritage walk (from suburban hotel),7381,2216,1015,2019-10-01T00:00:00,For Mumbai Heritage Walk (from city hotel) we need to quote based on the Guide + Local Taxi  The cost for this menentioned in Miscellaneous Costs are approximate amounts.,,0,0,0,60,1358,4988,7381,15,40,4180,0,,13,4,,0
Maharashtra,Mumbai,Garha Tours & Travels,Half-day city tour of Mumbai,7377,2216,282,2019-10-01T00:00:00,,,0,0,0,60,1071,4974,7377,1,5,1980,0,,13,4,,0
Maharashtra,Mumbai,Garha Tours & Travels,Half-day city tour of Mumbai,7377,2216,282,2019-10-01T00:00:00,,,0,0,0,60,1071,4975,7377,6,14,2420,0,,13,4,,0
Maharashtra,Mumbai,Garha Tours & Travels,Half-day city tour of Mumbai,7377,2216,282,2019-10-01T00:00:00,,,0,0,0,60,1071,4976,7377,15,35,3190,0,,13,4,,0
Maharashtra,Mumbai,Garha Tours & Travels,Half day city tour of Mumbai (from suburban hotel),7378,2216,281,2019-10-01T00:00:00,,,0,0,0,60,1072,4977,7378,1,5,2420,0,,13,4,,0
Maharashtra,Mumbai,Garha Tours & Travels,Half day city tour of Mumbai (from suburban hotel),7378,2216,281,2019-10-01T00:00:00,,,0,0,0,60,1072,4978,7378,6,14,3135,0,,13,4,,0
Maharashtra,Mumbai,Garha Tours & Travels,Half day city tour of Mumbai (from suburban hotel),7378,2216,281,2019-10-01T00:00:00,,,0,0,0,60,1072,4979,7378,15,35,4180,0,,13,4,,0
Maharashtra,Mumbai,Garha Tours & Travels,Half day excursion to Elephanta (from city hotel),7379,2216,284,2019-10-01T00:00:00,,,0,0,0,60,1350,4980,7379,1,5,2420,0,,13,4,,0
Maharashtra,Mumbai,Garha Tours & Travels,Half day excursion to Elephanta (from city hotel),7379,2216,284,2019-10-01T00:00:00,,,0,0,0,60,1350,4981,7379,6,14,3135,0,,13,4,,0
Maharashtra,Mumbai,Garha Tours & Travels,Half day excursion to Elephanta (from city hotel),7379,2216,284,2019-10-01T00:00:00,,,0,0,0,60,1350,4982,7379,15,35,4180,0,,13,4,,0
Maharashtra,Mumbai,Garha Tours & Travels,Mumbai heritage walk,7380,2216,1014,2019-10-01T00:00:00,For Mumbai Heritage Walk (from city hotel) we need to quote based on the Guide + Local Taxi  The cost for this menentioned in Miscellaneous Costs are approximate amounts.,,0,0,0,60,1357,4983,7380,1,5,1980,0,,13,4,,0
Maharashtra,Mumbai,Garha Tours & Travels,Mumbai heritage walk,7380,2216,1014,2019-10-01T00:00:00,For Mumbai Heritage Walk (from city hotel) we need to quote based on the Guide + Local Taxi  The cost for this menentioned in Miscellaneous Costs are approximate amounts.,,0,0,0,60,1357,4984,7380,6,14,2420,0,,13,4,,0
Maharashtra,Mumbai,Garha Tours & Travels,Mumbai heritage walk,7380,2216,1014,2019-10-01T00:00:00,For Mumbai Heritage Walk (from city hotel) we need to quote based on the Guide + Local Taxi  The cost for this menentioned in Miscellaneous Costs are approximate amounts.,,0,0,0,60,1357,4985,7380,15,40,3190,0,,13,4,,0
Maharashtra,Aurangabad,JK Tours and Travels,Full-day excursion to Ajanta,6918,3145,68,2019-10-01T00:00:00,,,,0,0,173,,4964,6918,1,5,3883,0,,13,4,,0
Maharashtra,Aurangabad,JK Tours and Travels,Full-day excursion to Ajanta,6918,3145,68,2019-10-01T00:00:00,,,,0,0,173,,4965,6918,6,14,4543,0,,13,4,,0
Maharashtra,Aurangabad,JK Tours and Travels,Full-day excursion to Ajanta,6918,3145,68,2019-10-01T00:00:00,,,,0,0,173,,4966,6918,15,35,5478,0,,13,4,,0
Maharashtra,Aurangabad,JK Tours and Travels,Half-day city tour of Aurangabad,6919,3145,286,2019-10-01T00:00:00,,,,0,0,173,,4970,6919,1,5,1760,0,,13,4,,0
Maharashtra,Aurangabad,JK Tours and Travels,Half-day city tour of Aurangabad,6919,3145,286,2019-10-01T00:00:00,,,,0,0,173,,4971,6919,6,14,2200,0,,13,4,,0
Maharashtra,Aurangabad,JK Tours and Travels,Half-day city tour of Aurangabad,6919,3145,286,2019-10-01T00:00:00,,,,0,0,173,,4972,6919,15,35,2915,0,,13,4,,0
Maharashtra,Aurangabad,JK Tours and Travels,Half-day excursion to Ellora,6920,3145,67,2019-10-01T00:00:00,,,,0,0,173,,4967,6920,1,5,2200,0,,13,4,,0
Maharashtra,Aurangabad,JK Tours and Travels,Half-day excursion to Ellora,6920,3145,67,2019-10-01T00:00:00,,,,0,0,173,,4968,6920,6,14,2860,0,,13,4,,0
Maharashtra,Aurangabad,JK Tours and Travels,Half-day excursion to Ellora,6920,3145,67,2019-10-01T00:00:00,,,,0,0,173,,4969,6920,15,35,3795,0,,13,4,,0
Madhya Pradesh,Orchha,Colleague Tours Pvt. Ltd.,Half-day tour of Orchha,7308,2136,935,2019-10-01T00:00:00,,,0,0,0,312,1189,4949,7308,1,5,1800,0,,13,4,,0
Madhya Pradesh,Orchha,Colleague Tours Pvt. Ltd.,Half-day tour of Orchha,7308,2136,935,2019-10-01T00:00:00,,,0,0,0,312,1189,4950,7308,6,14,2200,0,,13,4,,0
Madhya Pradesh,Orchha,Colleague Tours Pvt. Ltd.,Half-day tour of Orchha,7308,2136,935,2019-10-01T00:00:00,,,0,0,0,312,1189,4951,7308,15,35,2900,0,,13,4,,0
Madhya Pradesh,Orchha,Colleague Tours Pvt. Ltd.,Full day tour of Orchha,7309,2136,936,2019-10-01T00:00:00,,,0,0,0,312,1190,4952,7309,1,5,2200,0,,13,4,,0
Madhya Pradesh,Orchha,Colleague Tours Pvt. Ltd.,Full day tour of Orchha,7309,2136,936,2019-10-01T00:00:00,,,0,0,0,312,1190,4953,7309,6,14,2850,0,,13,4,,0
Madhya Pradesh,Orchha,Colleague Tours Pvt. Ltd.,Full day tour of Orchha,7309,2136,936,2019-10-01T00:00:00,,,0,0,0,312,1190,4954,7309,15,35,3800,0,,13,4,,0
Madhya Pradesh,Bhopal,Radiant Travels Pvt Ltd,Half-day city tour of Bhopal,7297,1340,500,2019-10-01T00:00:00,,,,0,0,48,,4935,7297,1,5,1600,0,,13,4,,0
Madhya Pradesh,Bhopal,Radiant Travels Pvt Ltd,Half-day city tour of Bhopal,7297,1340,500,2019-10-01T00:00:00,,,,0,0,48,,4936,7297,6,14,2000,0,,13,4,,0
Madhya Pradesh,Bhopal,Radiant Travels Pvt Ltd,Half-day city tour of Bhopal,7297,1340,500,2019-10-01T00:00:00,,,,0,0,48,,4937,7297,15,35,2650,0,,13,4,,0
Madhya Pradesh,Jabalpur,Radiant Travels Pvt Ltd,Half-day city tour and visit to the Marble Rocks,7298,1340,946,2019-10-01T00:00:00,,0,0,0,0,175,530,4938,7298,1,35,600,0,,13,4,,0
Madhya Pradesh,Bhopal,Radiant Travels Pvt Ltd,Half-day excursion to Bhimbetika,7291,1340,512,2019-10-01T00:00:00,,0,,0,10,48,351,4929,7291,1,5,2000,0,,13,4,,0
Madhya Pradesh,Bhopal,Radiant Travels Pvt Ltd,Half-day excursion to Bhimbetika,7291,1340,512,2019-10-01T00:00:00,,0,,0,10,48,351,4930,7291,6,14,2600,0,,13,4,,0
Madhya Pradesh,Bhopal,Radiant Travels Pvt Ltd,Half-day excursion to Bhimbetika,7291,1340,512,2019-10-01T00:00:00,,0,,0,10,48,351,4931,7291,15,35,3450,0,,13,4,,0
Madhya Pradesh,Bhopal,Radiant Travels Pvt Ltd,Full-day excursion to Sanchi & Udaigiri,7296,1340,511,2019-10-01T00:00:00,,,,0,0,48,,4932,7296,1,5,2000,0,,13,4,,0
Madhya Pradesh,Bhopal,Radiant Travels Pvt Ltd,Full-day excursion to Sanchi & Udaigiri,7296,1340,511,2019-10-01T00:00:00,,,,0,0,48,,4933,7296,6,14,2600,0,,13,4,,0
Madhya Pradesh,Bhopal,Radiant Travels Pvt Ltd,Full-day excursion to Sanchi & Udaigiri,7296,1340,511,2019-10-01T00:00:00,,,,0,0,48,,4934,7296,15,35,3450,0,,13,4,,0
Madhya Pradesh,Indore,Rai Travels Pvt Ltd,Half day city tour of Indore,7244,2274,507,2019-10-01T00:00:00,Museum & Lal Bagh Palace closed on Mondays & National Holidays  Open from 10 am to 5 pm,,0,0,0,159,1241,4894,7244,1,5,1600,0,,13,4,,0
Madhya Pradesh,Indore,Rai Travels Pvt Ltd,Half day city tour of Indore,7244,2274,507,2019-10-01T00:00:00,Museum & Lal Bagh Palace closed on Mondays & National Holidays  Open from 10 am to 5 pm,,0,0,0,159,1241,4895,7244,6,14,2000,0,,13,4,,0
Madhya Pradesh,Indore,Rai Travels Pvt Ltd,Half day city tour of Indore,7244,2274,507,2019-10-01T00:00:00,Museum & Lal Bagh Palace closed on Mondays & National Holidays  Open from 10 am to 5 pm,,0,0,0,159,1241,4896,7244,15,35,2650,0,,13,4,,0
Madhya Pradesh,Indore,Rai Travels Pvt Ltd,Full day excursion to Mandu,7245,2274,513,2019-10-01T00:00:00,,,0,0,0,159,1242,4897,7245,1,5,2000,0,,13,4,,0
Madhya Pradesh,Indore,Rai Travels Pvt Ltd,Full day excursion to Mandu,7245,2274,513,2019-10-01T00:00:00,,,0,0,0,159,1242,4898,7245,6,14,2600,0,,13,4,,0
Madhya Pradesh,Indore,Rai Travels Pvt Ltd,Full day excursion to Mandu,7245,2274,513,2019-10-01T00:00:00,,,0,0,0,159,1242,4899,7245,15,35,3450,0,,13,4,,0
Madhya Pradesh,Bhopal,Rai Travels Pvt Ltd,Full-day excursion to Sanchi & Udaigiri,7238,2274,511,2019-10-01T00:00:00,Sanchi Museum Open from 10 am to 5 pm; closed on Fridays and National Holidays.  Videsha Museum Open from 10 am to 5 pm; closed on Mondays and National Holidays.  Sanchi Stupas open all year round from sunrise to sunset.,,0,0,0,48,1078,4888,7238,1,5,2000,0,,13,4,,0
Madhya Pradesh,Bhopal,Rai Travels Pvt Ltd,Full-day excursion to Sanchi & Udaigiri,7238,2274,511,2019-10-01T00:00:00,Sanchi Museum Open from 10 am to 5 pm; closed on Fridays and National Holidays.  Videsha Museum Open from 10 am to 5 pm; closed on Mondays and National Holidays.  Sanchi Stupas open all year round from sunrise to sunset.,,0,0,0,48,1078,4889,7238,6,14,2600,0,,13,4,,0
Madhya Pradesh,Bhopal,Rai Travels Pvt Ltd,Full-day excursion to Sanchi & Udaigiri,7238,2274,511,2019-10-01T00:00:00,Sanchi Museum Open from 10 am to 5 pm; closed on Fridays and National Holidays.  Videsha Museum Open from 10 am to 5 pm; closed on Mondays and National Holidays.  Sanchi Stupas open all year round from sunrise to sunset.,,0,0,0,48,1078,4890,7238,15,35,3450,0,,13,4,,0
Madhya Pradesh,Bhopal,Rai Travels Pvt Ltd,Half-day excursion to Bhimbetika,7239,2274,512,2019-10-01T00:00:00,Bhimbetka open all year round from sunrise to sunset.,,0,0,0,48,1079,4891,7239,1,5,2000,0,,13,4,,0
Madhya Pradesh,Bhopal,Rai Travels Pvt Ltd,Half-day excursion to Bhimbetika,7239,2274,512,2019-10-01T00:00:00,Bhimbetka open all year round from sunrise to sunset.,,0,0,0,48,1079,4892,7239,6,14,2600,0,,13,4,,0
Madhya Pradesh,Bhopal,Rai Travels Pvt Ltd,Half-day excursion to Bhimbetika,7239,2274,512,2019-10-01T00:00:00,Bhimbetka open all year round from sunrise to sunset.,,0,0,0,48,1079,4893,7239,15,35,3450,0,,13,4,,0
Madhya Pradesh,Jabalpur,Rai Travels Pvt Ltd,Half-day city tour and visit to the Marble Rocks,7232,2274,946,2019-10-01T00:00:00,,,,0,0,175,,4882,7232,1,5,1600,0,,13,4,,0
Madhya Pradesh,Jabalpur,Rai Travels Pvt Ltd,Half-day city tour and visit to the Marble Rocks,7232,2274,946,2019-10-01T00:00:00,,,,0,0,175,,4883,7232,6,14,2000,0,,13,4,,0
Madhya Pradesh,Jabalpur,Rai Travels Pvt Ltd,Half-day city tour and visit to the Marble Rocks,7232,2274,946,2019-10-01T00:00:00,,,,0,0,175,,4884,7232,15,40,2650,0,,13,4,,0
Madhya Pradesh,Bhopal,Rai Travels Pvt Ltd,Half-day city tour of Bhopal,7237,2274,500,2019-10-01T00:00:00,Open from 10 am to 5 pm.  Museums closed on Mondays and National Holidays.,,0,0,0,48,1077,4885,7237,1,5,1600,0,,13,4,,0
Madhya Pradesh,Bhopal,Rai Travels Pvt Ltd,Half-day city tour of Bhopal,7237,2274,500,2019-10-01T00:00:00,Open from 10 am to 5 pm.  Museums closed on Mondays and National Holidays.,,0,0,0,48,1077,4886,7237,6,14,2000,0,,13,4,,0
Madhya Pradesh,Bhopal,Rai Travels Pvt Ltd,Half-day city tour of Bhopal,7237,2274,500,2019-10-01T00:00:00,Open from 10 am to 5 pm.  Museums closed on Mondays and National Holidays.,,0,0,0,48,1077,4887,7237,15,35,2650,0,,13,4,,0
Madhya Pradesh,Gwalior,Colleague Tours Pvt. Ltd.,Half-day city tour of Gwalior,7115,2136,355,2019-10-01T00:00:00,,,0,0,0,146,1273,4843,7115,1,5,1800,0,,13,4,,0
Madhya Pradesh,Gwalior,Colleague Tours Pvt. Ltd.,Half-day city tour of Gwalior,7115,2136,355,2019-10-01T00:00:00,,,0,0,0,146,1273,4844,7115,6,14,2200,0,,13,4,,0
Madhya Pradesh,Gwalior,Colleague Tours Pvt. Ltd.,Half-day city tour of Gwalior,7115,2136,355,2019-10-01T00:00:00,,,0,0,0,146,1273,4845,7115,15,35,2900,0,,13,4,,0
Madhya Pradesh,Khajuraho,Colleague Tours Pvt. Ltd.,Half-day tour of Khajuraho temples,7104,2136,342,2019-10-01T00:00:00,,,0,0,0,154,906,4837,7104,1,5,1800,0,,13,4,,0
Madhya Pradesh,Khajuraho,Colleague Tours Pvt. Ltd.,Half-day tour of Khajuraho temples,7104,2136,342,2019-10-01T00:00:00,,,0,0,0,154,906,4838,7104,6,14,2200,0,,13,4,,0
Madhya Pradesh,Khajuraho,Colleague Tours Pvt. Ltd.,Half-day tour of Khajuraho temples,7104,2136,342,2019-10-01T00:00:00,,,0,0,0,154,906,4839,7104,15,35,2900,0,,13,4,,0
Orissa,Bhubaneswar,Travel Link Pvt Ltd,Half-day city tour of Bhubaneshwar temples,7348,778,375,2019-10-01T00:00:00,,0,,0,0,34,265,4973,7348,1,35,2000,0,,13,4,5,0
Orissa,Konarak,Travel Link Pvt Ltd,Visit to the Sun Temple,7462,778,1048,2019-10-01T00:00:00,,,,,,229,,5001,7462,1,10,1500,0,,13,4,5,0
Orissa,Bhubaneswar,Travel Link Pvt Ltd,Visit Konarak enroute to Puri,7583,778,1363,2019-10-01T00:00:00,,,,0,0,34,,5005,7583,1,15,1500,0,,13,4,,0
Punjab,Amritsar,Summit Adventures,Half-day city tour of Amritsar,6951,2144,450,2019-10-01T00:00:00,,,0,0,0,18,1175,4748,6951,1,15,1500,0,,13,4,,0
Punjab,Amritsar,Summit Adventures,Night visit to the Golden Temple,6952,2144,452,2019-10-01T00:00:00,,,0,0,0,18,1176,4749,6952,1,15,1500,0,,13,4,,0
Punjab,Amritsar,Summit Adventures,Afternoon excursion to the Wagah border ceremony,6953,2144,844,2019-10-01T00:00:00,,,0,0,0,18,1177,4750,6953,1,15,1200,0,,13,4,,0
Rajasthan,Bharatpur,Birders Inn,Visit to the bird sanctuary,7585,2241,938,2019-10-01T00:00:00,,,,,,42,,5006,7585,1,5,1980,0,,13,4,,0
Rajasthan,Bharatpur,Birders Inn,Visit to the bird sanctuary,7585,2241,938,2019-10-01T00:00:00,,,,,,42,,5007,7585,6,14,2420,0,,13,4,,0
Rajasthan,Chittaurgarh,The Padmini Haveli Guesthome,Visit to Chittaurgarh Fort,7393,2778,1034,2019-10-01T00:00:00,,,0,0,0,82,1408,4989,7393,1,15,1800,0,,13,4,,0
Rajasthan,Bundi,Kaustubh Holidays Tours & Travels Pvt Ltd,Half-day sightseeing of Bundi,7305,2170,1217,2019-10-01T00:00:00,Guide Mr. Yug Prasad,,,,,65,,4945,7305,1,5,1980,0,,13,4,,0
Rajasthan,Bundi,Kaustubh Holidays Tours & Travels Pvt Ltd,Half-day sightseeing of Bundi,7305,2170,1217,2019-10-01T00:00:00,Guide Mr. Yug Prasad,,,,,65,,4946,7305,6,14,2420,0,,13,4,,0
Rajasthan,Mandawa,Kaustubh Holidays Tours & Travels Pvt Ltd,Walking tour of Mandawa,7307,2170,943,2019-10-01T00:00:00,,,0,0,0,265,1197,4947,7307,1,5,1980,1,,13,4,,0
Rajasthan,Mandawa,Kaustubh Holidays Tours & Travels Pvt Ltd,Walking tour of Mandawa,7307,2170,943,2019-10-01T00:00:00,,,0,0,0,265,1197,4948,7307,6,14,2420,0,,13,4,,0
Rajasthan,Sawai Madhopur,Ranthambhore Safari & Tours,Visit of Ranthambhore Fort,7274,2976,493,2019-10-01T00:00:00,,,,0,0,369,,4913,7274,1,15,1000,0,,13,4,5,0
Rajasthan,Sawai Madhopur,Dev Vilas,Visit of Ranthambhore Fort,7215,2383,493,2019-10-01T00:00:00,,,,0,0,369,,4881,7215,1,15,1000,0,,13,4,,1
Rajasthan,Sawai Madhopur,Ranthambhore Forest Resort,Visit of Ranthambhore Fort,7169,2271,493,2019-10-01T00:00:00,,,0,0,0,369,1157,4880,7169,1,15,1500,0,,13,4,,1
Rajasthan,Udaipur,Kaustubh Holidays Tours & Travels Pvt Ltd,Morning city tour of Udaipur followed by a boat trip on Lake Pichola (by shared boat),7004,2170,1206,2019-10-01T00:00:00,,,,0,0,407,,4793,7004,1,5,1980,0,,13,4,,0
Rajasthan,Udaipur,Kaustubh Holidays Tours & Travels Pvt Ltd,Morning city tour of Udaipur followed by a boat trip on Lake Pichola (by shared boat),7004,2170,1206,2019-10-01T00:00:00,,,,0,0,407,,4794,7004,6,14,2420,0,,13,4,,0
Rajasthan,Jodhpur,Kaustubh Holidays Tours & Travels Pvt Ltd,Full day jeep safari to Bishnoi villages around Jodhpur,6992,2170,1005,2019-10-01T00:00:00,"Note: for high end clients, the full day jeep safari can include lunch at Fort Chanwa in Luni @ Rs 1,000/- per person",,0,0,0,183,1320,4775,6992,1,5,2420,0,,13,4,,0
Rajasthan,Jodhpur,Kaustubh Holidays Tours & Travels Pvt Ltd,Full day jeep safari to Bishnoi villages around Jodhpur,6992,2170,1005,2019-10-01T00:00:00,"Note: for high end clients, the full day jeep safari can include lunch at Fort Chanwa in Luni @ Rs 1,000/- per person",,0,0,0,183,1320,4776,6992,6,14,3135,0,,13,4,,0
Rajasthan,Jodhpur,Kaustubh Holidays Tours & Travels Pvt Ltd,Half day city tour of Jodhpur,6993,2170,425,2019-10-01T00:00:00,,,,0,0,183,,4777,6993,1,5,1980,0,,13,4,,0
Rajasthan,Jodhpur,Kaustubh Holidays Tours & Travels Pvt Ltd,Half day city tour of Jodhpur,6993,2170,425,2019-10-01T00:00:00,,,,0,0,183,,4778,6993,6,14,2420,0,,13,4,,0
Rajasthan,Bharatpur,Kaustubh Holidays Tours & Travels Pvt Ltd,Visit to the bird sanctuary,6994,2170,938,2019-10-01T00:00:00,,,0,0,0,42,1191,4779,6994,1,5,1980,0,,13,2,,0
Rajasthan,Bharatpur,Kaustubh Holidays Tours & Travels Pvt Ltd,Visit to the bird sanctuary,6994,2170,938,2019-10-01T00:00:00,,,0,0,0,42,1191,4780,6994,6,14,2420,0,,13,2,,0
Rajasthan,Udaipur,Kaustubh Holidays Tours & Travels Pvt Ltd,Morning city tour of Udaipur,7000,2170,309,2019-10-01T00:00:00,,,0,0,0,407,952,4791,7000,1,5,1980,0,,13,4,,0
Rajasthan,Udaipur,Kaustubh Holidays Tours & Travels Pvt Ltd,Morning city tour of Udaipur,7000,2170,309,2019-10-01T00:00:00,,,0,0,0,407,952,4792,7000,6,14,2420,0,,13,4,,0
Rajasthan,Jaipur,Kaustubh Holidays Tours & Travels Pvt Ltd,Half-day excursion to Amber Fort,6986,2170,415,2019-10-01T00:00:00,,,0,0,0,176,967,4767,6986,1,5,1980,0,,13,4,,0
Rajasthan,Jaipur,Kaustubh Holidays Tours & Travels Pvt Ltd,Half-day excursion to Amber Fort,6986,2170,415,2019-10-01T00:00:00,,,0,0,0,176,967,4768,6986,6,14,2420,0,,13,4,,0
Rajasthan,Jaisalmer,Kaustubh Holidays Tours & Travels Pvt Ltd,Morning walking tour of Jaisalmer,6989,2170,125,2019-10-01T00:00:00,,,0,0,0,181,979,4769,6989,1,5,1980,0,,13,4,,0
Rajasthan,Jaisalmer,Kaustubh Holidays Tours & Travels Pvt Ltd,Morning walking tour of Jaisalmer,6989,2170,125,2019-10-01T00:00:00,,,0,0,0,181,979,4770,6989,6,14,2420,0,,13,4,,0
Rajasthan,Jodhpur,Kaustubh Holidays Tours & Travels Pvt Ltd,Audio-guide tour of Jodhpur's Meherangarh Fort,6990,2170,316,2019-10-01T00:00:00,,,0,0,0,183,958,4771,6990,1,5,1980,0,,13,4,,0
Rajasthan,Jodhpur,Kaustubh Holidays Tours & Travels Pvt Ltd,Audio-guide tour of Jodhpur's Meherangarh Fort,6990,2170,316,2019-10-01T00:00:00,,,0,0,0,183,958,4772,6990,6,14,2420,0,,13,4,,0
Rajasthan,Jodhpur,Kaustubh Holidays Tours & Travels Pvt Ltd,Half day (morning) jeep safari to Bishnoi villages around Jodhpur,6991,2170,317,2019-10-01T00:00:00,,,0,0,0,183,981,4773,6991,1,5,1980,0,,13,4,,0
Rajasthan,Jodhpur,Kaustubh Holidays Tours & Travels Pvt Ltd,Half day (morning) jeep safari to Bishnoi villages around Jodhpur,6991,2170,317,2019-10-01T00:00:00,,,0,0,0,183,981,4774,6991,6,14,2420,0,,13,4,,0
Rajasthan,Bikaner,Kaustubh Holidays Tours & Travels Pvt Ltd,Half-day city tour of Bikaner,6983,2170,323,2019-10-01T00:00:00,,,0,0,0,54,961,4761,6983,1,5,1980,0,,13,4,,0
Rajasthan,Bikaner,Kaustubh Holidays Tours & Travels Pvt Ltd,Half-day city tour of Bikaner,6983,2170,323,2019-10-01T00:00:00,,,0,0,0,54,961,4762,6983,6,14,2420,0,,13,4,,0
Rajasthan,Jaipur,Kaustubh Holidays Tours & Travels Pvt Ltd,Full-day sightseeing of Jaipur and Amber Fort,6984,2170,108,2019-10-01T00:00:00,,,0,0,0,176,945,4763,6984,1,5,2420,0,,13,4,,0
Rajasthan,Jaipur,Kaustubh Holidays Tours & Travels Pvt Ltd,Full-day sightseeing of Jaipur and Amber Fort,6984,2170,108,2019-10-01T00:00:00,,,0,0,0,176,945,4764,6984,6,14,3135,0,,13,4,,0
Rajasthan,Jaipur,Kaustubh Holidays Tours & Travels Pvt Ltd,Half-day city tour of Jaipur,6985,2170,303,2019-10-01T00:00:00,,,0,0,0,176,943,4765,6985,1,5,1980,0,,13,4,,0
Rajasthan,Jaipur,Kaustubh Holidays Tours & Travels Pvt Ltd,Half-day city tour of Jaipur,6985,2170,303,2019-10-01T00:00:00,,,0,0,0,176,943,4766,6985,6,14,2420,0,,13,4,,0
Rajasthan,Jaisalmer,The Guru Kripa Tours,Afternoon excursion to the Thar desert,6895,2245,126,2019-10-01T00:00:00,,,0,0,0,181,1328,4743,6895,1,5,600,0,,13,4,,0
Rajasthan,Karauli,Bhanwar Vilas Palace,Walking tour of Karauli,6899,1882,610,2019-10-01T00:00:00,,0,0,0,0,210,683,4744,6899,1,15,600,0,,13,4,,0
Rajasthan,Karauli,Bhanwar Vilas Palace,Camel cart ride to Old City Palace,6900,1882,1113,2019-10-01T00:00:00,,,,0,0,210,,4745,6900,1,5,1200,0,,13,4,,0
Rajasthan,Karauli,Bhanwar Vilas Palace,Camel cart ride to Old City Palace,6900,1882,1113,2019-10-01T00:00:00,,,,0,0,210,,4746,6900,6,14,1200,0,,13,4,,0
Rajasthan,Sawai Madhopur,Tiger Den Resort,Visit of Ranthambhore Fort,6839,3049,493,2019-10-01T00:00:00,"The park is closed during the monsoon months of July, August & September.",,,0,0,369,,4728,6839,1,15,500,0,,13,4,,1
Tamil Nadu,Chennai,South Tourism,Half-day city tour of Chennai,7278,3048,210,2019-10-01T00:00:00,,,,0,0,257,,4914,7278,1,5,2050,0,,13,4,,0
Tamil Nadu,Chennai,South Tourism,Half-day city tour of Chennai,7278,3048,210,2019-10-01T00:00:00,,,,0,0,257,,4915,7278,6,14,2497,0,,13,4,,0
Tamil Nadu,Chennai,South Tourism,Half-day city tour of Chennai,7278,3048,210,2019-10-01T00:00:00,,,,0,0,257,,4916,7278,15,35,3212,0,,13,4,,0
Tamil Nadu,Chennai,South Tourism,Excursion to Mamallapuram (with local guide),7279,3048,204,2019-10-01T00:00:00,,,,0,0,257,,4917,7279,1,5,1760,0,,13,4,,0
Tamil Nadu,Chennai,South Tourism,Excursion to Mamallapuram (with local guide),7279,3048,204,2019-10-01T00:00:00,,,,0,0,257,,4918,7279,6,14,2200,0,,13,4,,0
Tamil Nadu,Chennai,South Tourism,Excursion to Mamallapuram (with local guide),7279,3048,204,2019-10-01T00:00:00,,,,0,0,257,,4919,7279,15,35,2915,0,,13,4,,0
Tamil Nadu,Chennai,South Tourism,Full-day excursion to Mamallapuram and Kanchipuram,7280,3048,203,2019-10-01T00:00:00,,,,0,0,257,,4920,7280,1,5,4323,0,,13,4,,0
Tamil Nadu,Chennai,South Tourism,Full-day excursion to Mamallapuram and Kanchipuram,7280,3048,203,2019-10-01T00:00:00,,,,0,0,257,,4921,7280,6,14,4983,0,,13,4,,0
Tamil Nadu,Chennai,South Tourism,Full-day excursion to Mamallapuram and Kanchipuram,7280,3048,203,2019-10-01T00:00:00,,,,0,0,257,,4922,7280,15,35,5918,0,,13,4,,0
Tamil Nadu,Madurai,South Tourism,Half day city tour of Madurai,7285,3048,189,2019-10-01T00:00:00,,,,0,0,170,,4923,7285,1,5,1760,0,,13,4,,0
Tamil Nadu,Madurai,South Tourism,Half day city tour of Madurai,7285,3048,189,2019-10-01T00:00:00,,,,0,0,170,,4924,7285,6,14,2200,0,,13,4,,0
Tamil Nadu,Madurai,South Tourism,Half day city tour of Madurai,7285,3048,189,2019-10-01T00:00:00,,,,0,0,170,,4925,7285,15,35,2950,0,,13,4,,0
Tamil Nadu,Madurai,South Tourism,Evening temple ceremony in Madurai,7286,3048,566,2019-10-01T00:00:00,,,,0,0,170,,4926,7286,1,5,1760,0,,13,4,,0
Tamil Nadu,Madurai,South Tourism,Evening temple ceremony in Madurai,7286,3048,566,2019-10-01T00:00:00,,,,0,0,170,,4927,7286,6,14,2200,0,,13,4,,0
Tamil Nadu,Madurai,South Tourism,Evening temple ceremony in Madurai,7286,3048,566,2019-10-01T00:00:00,,,,0,0,170,,4928,7286,15,35,2950,0,,13,4,,0
Uttar Pradesh,Varanasi,Steps India Tours,Excursion to Sarnath,7147,2694,89,2019-10-01T00:00:00,,,0,0,0,417,1375,4860,7147,1,5,1800,0,,13,4,,0
Uttar Pradesh,Varanasi,Steps India Tours,Excursion to Sarnath,7147,2694,89,2019-10-01T00:00:00,,,0,0,0,417,1375,4861,7147,6,14,2200,0,,13,4,,0
Uttar Pradesh,Varanasi,Steps India Tours,Excursion to Sarnath,7147,2694,89,2019-10-01T00:00:00,,,0,0,0,417,1375,4862,7147,15,35,2900,0,,13,4,,0
Uttar Pradesh,Varanasi,Steps India Tours,Half-day excursion to Ramnagar,7148,2694,90,2019-10-01T00:00:00,,,0,0,0,417,1376,4863,7148,1,5,1800,0,,13,4,,0
Uttar Pradesh,Varanasi,Steps India Tours,Half-day excursion to Ramnagar,7148,2694,90,2019-10-01T00:00:00,,,0,0,0,417,1376,4864,7148,6,14,2200,0,,13,4,,0
Uttar Pradesh,Varanasi,Steps India Tours,Half-day excursion to Ramnagar,7148,2694,90,2019-10-01T00:00:00,,,0,0,0,417,1376,4865,7148,15,35,2900,0,,13,4,,0
Uttar Pradesh,Varanasi,Steps India Tours,Evening aarti ceremony by boat,7149,2694,971,2019-10-01T00:00:00,,,0,0,0,417,1377,4866,7149,1,5,2200,0,,13,4,,0
Uttar Pradesh,Varanasi,Steps India Tours,Evening aarti ceremony by boat,7149,2694,971,2019-10-01T00:00:00,,,0,0,0,417,1377,4867,7149,6,14,2850,0,,13,4,,0
Uttar Pradesh,Varanasi,Steps India Tours,Evening aarti ceremony by boat,7149,2694,971,2019-10-01T00:00:00,,,0,0,0,417,1377,4868,7149,15,35,3800,0,,13,4,,0
Uttar Pradesh,Varanasi,Steps India Tours,Early morning Ganges river boat trip followed by a short walk through the Old City,7150,2694,1026,2019-10-01T00:00:00,,,0,0,0,417,1386,4869,7150,1,5,2200,0,,13,4,,0
Uttar Pradesh,Varanasi,Steps India Tours,Early morning Ganges river boat trip followed by a short walk through the Old City,7150,2694,1026,2019-10-01T00:00:00,,,0,0,0,417,1386,4870,7150,6,14,2850,0,,13,4,,0
Uttar Pradesh,Varanasi,Steps India Tours,Early morning Ganges river boat trip followed by a short walk through the Old City,7150,2694,1026,2019-10-01T00:00:00,,,0,0,0,417,1386,4871,7150,15,35,3800,0,,13,4,,0
Uttar Pradesh,Lucknow,Colleague Tours Pvt. Ltd.,Half-day city tour of Lucknow,7110,2136,361,2019-10-01T00:00:00,,,0,0,0,251,1278,4840,7110,1,5,1800,0,,13,4,,0
Uttar Pradesh,Lucknow,Colleague Tours Pvt. Ltd.,Half-day city tour of Lucknow,7110,2136,361,2019-10-01T00:00:00,,,0,0,0,251,1278,4841,7110,6,14,2200,0,,13,4,,0
Uttar Pradesh,Lucknow,Colleague Tours Pvt. Ltd.,Half-day city tour of Lucknow,7110,2136,361,2019-10-01T00:00:00,,,0,0,0,251,1278,4842,7110,15,35,2900,0,,13,4,,0
Uttar Pradesh,Agra,Colleague Tours Pvt. Ltd.,Visit to the Taj Mahal & Red Fort,7093,2136,332,2019-10-01T00:00:00,,,0,0,0,2,964,4821,7093,1,5,1800,0,,13,4,,0
Uttar Pradesh,Agra,Colleague Tours Pvt. Ltd.,Visit to the Taj Mahal & Red Fort,7093,2136,332,2019-10-01T00:00:00,,,0,0,0,2,964,4822,7093,6,14,2200,0,,13,4,,0
Uttar Pradesh,Agra,Colleague Tours Pvt. Ltd.,Visit to the Taj Mahal & Red Fort,7093,2136,332,2019-10-01T00:00:00,,,0,0,0,2,964,4823,7093,15,35,2900,0,,13,4,,0
Uttar Pradesh,Agra,Colleague Tours Pvt. Ltd.,Excursion to Fatehpur Sikri,7094,2136,402,2019-10-01T00:00:00,,,0,0,0,2,1065,4824,7094,1,5,2200,0,,13,4,,0
Uttar Pradesh,Agra,Colleague Tours Pvt. Ltd.,Excursion to Fatehpur Sikri,7094,2136,402,2019-10-01T00:00:00,,,0,0,0,2,1065,4825,7094,6,14,2850,0,,13,4,,0
Uttar Pradesh,Agra,Colleague Tours Pvt. Ltd.,Excursion to Fatehpur Sikri,7094,2136,402,2019-10-01T00:00:00,,,0,0,0,2,1065,4826,7094,15,35,3800,0,,13,4,,0
Uttar Pradesh,Agra,Colleague Tours Pvt. Ltd.,Afternoon guided tour of Agra's other monuments,7096,2136,1102,2019-10-01T00:00:00,,,,0,0,2,,4827,7096,1,5,1800,0,,13,4,,0
Uttar Pradesh,Agra,Colleague Tours Pvt. Ltd.,Afternoon guided tour of Agra's other monuments,7096,2136,1102,2019-10-01T00:00:00,,,,0,0,2,,4828,7096,6,14,2200,0,,13,4,,0
Uttar Pradesh,Agra,Colleague Tours Pvt. Ltd.,Afternoon guided tour of Agra's other monuments,7096,2136,1102,2019-10-01T00:00:00,,,,0,0,2,,4829,7096,15,35,2900,0,,13,4,,0
Uttar Pradesh,Agra,Colleague Tours Pvt. Ltd.,Day trip from Delhi to Agra by Gatimaan Express train,7098,2136,1134,2019-10-01T00:00:00,,,,0,0,2,,4831,7098,1,5,2200,0,,13,4,,0
Uttar Pradesh,Agra,Colleague Tours Pvt. Ltd.,Day trip from Delhi to Agra by Gatimaan Express train,7098,2136,1134,2019-10-01T00:00:00,,,,0,0,2,,4832,7098,6,14,2850,0,,13,4,,0
Uttar Pradesh,Agra,Colleague Tours Pvt. Ltd.,Day trip from Delhi to Agra by Gatimaan Express train,7098,2136,1134,2019-10-01T00:00:00,,,,0,0,2,,4833,7098,15,35,3800,0,,13,4,,0
Uttar Pradesh,Agra,Colleague Tours Pvt. Ltd.,Early morning guided visit to the Taj,7099,2136,1185,2019-10-01T00:00:00,,,,0,0,2,,4834,7099,1,5,1800,0,,13,4,,0
Uttar Pradesh,Agra,Colleague Tours Pvt. Ltd.,Early morning guided visit to the Taj,7099,2136,1185,2019-10-01T00:00:00,,,,0,0,2,,4835,7099,6,14,2200,0,,13,4,,0
Uttar Pradesh,Agra,Colleague Tours Pvt. Ltd.,Early morning guided visit to the Taj,7099,2136,1185,2019-10-01T00:00:00,,,,0,0,2,,4836,7099,15,35,2900,0,,13,4,,0
Uttarakhand,Haridwar,India Easy Trip Pvt. Ltd,Half day tour of Haridwar,7153,2386,1018,2019-10-01T00:00:00,,,,0,0,152,,4872,7153,1,5,1000,0,,13,4,,0
Uttarakhand,Haridwar,India Easy Trip Pvt. Ltd,Half day tour of Haridwar,7153,2386,1018,2019-10-01T00:00:00,,,,0,0,152,,4873,7153,6,10,1000,0,,13,4,,0
Uttarakhand,Haridwar,India Easy Trip Pvt. Ltd,Half day tour of Haridwar,7153,2386,1018,2019-10-01T00:00:00,,,,0,0,152,,4874,7153,11,20,2000,0,,13,4,,0
Uttarakhand,Rishikesh,India Easy Trip Pvt. Ltd,Half day tour of Rishikesh,7154,2386,1211,2019-10-01T00:00:00,,,,,,355,,4875,7154,1,5,1000,0,,13,4,,0
Uttarakhand,Rishikesh,India Easy Trip Pvt. Ltd,Half day tour of Rishikesh,7154,2386,1211,2019-10-01T00:00:00,,,,,,355,,4876,7154,6,10,1000,0,,13,4,,0
Uttarakhand,Rishikesh,India Easy Trip Pvt. Ltd,Half day tour of Rishikesh,7154,2386,1211,2019-10-01T00:00:00,,,,,,355,,4877,7154,11,20,2000,0,,13,4,,0
Uttarakhand,Binsar,Mary Budden Estate,Bird watching with naturalist,7464,3245,1264,2019-10-01T00:00:00,,,,,,56,,5002,7464,1,15,725,0,,13,4,,0
West Bengal,Darjeeling,Clubside Tours & Travels Pvt Ltd,Early morning trip to Tiger Hill & Ghoom Monastery,7251,236,137,2019-10-01T00:00:00,,,0,0,0,99,35,4900,7251,1,35,2200,0,,13,4,,0
West Bengal,Darjeeling,Clubside Tours & Travels Pvt Ltd,"Half-day tour of Himalayan Mountaineering Institute, Zoo and Tibetan Refugee Centre",7252,236,907,2019-10-01T00:00:00,,,0,0,0,99,1049,4901,7252,1,35,2200,0,,13,4,,0
West Bengal,Darjeeling,Clubside Tours & Travels Pvt Ltd,Toy train to Ghoom,7253,236,1138,2019-10-01T00:00:00,,,,0,0,99,,4903,7253,1,15,2200,0,,13,4,,0
West Bengal,Darjeeling,Clubside Tours & Travels Pvt Ltd,Afternoon toy train joy ride to Ghoom,7254,236,1141,2019-10-01T00:00:00,,,,0,0,99,,4904,7254,1,15,2200,0,,13,4,,0
West Bengal,Darjeeling,Clubside Tours & Travels Pvt Ltd,Half-day Tea Garden tour,7461,236,1207,2020-10-01T00:00:00,Monday and winters Nov-Mar (depending on rainfall),,,0,0,99,,5000,7461,1,10,2200,0,,13,4,,0
West Bengal,Darjeeling,Clubside Tours & Travels Pvt Ltd,"Half-day tour of Himalayan Mountaineering Institute, Zoo and Tibetan Refugee Centre",7454,236,907,2020-10-01T00:00:00,,,0,0,0,99,1049,4997,7454,1,10,2200,0,,13,4,,0
West Bengal,Darjeeling,Clubside Tours & Travels Pvt Ltd,Toy train to Ghoom,7455,236,1138,2020-10-01T00:00:00,,,,0,0,99,,4998,7455,1,10,2200,0,,13,4,,0
West Bengal,Darjeeling,Clubside Tours & Travels Pvt Ltd,Half day train ride up to Ghoom and back by car,7456,236,142,2020-10-01T00:00:00,,,,0,0,99,,4999,7456,1,10,2200,0,,13,4,,0
West Bengal,Kolkata,Clubside Tours & Travels - Kolkata,Half-day city tour of Kolkata,7452,2683,366,2020-10-01T00:00:00,,,0,0,0,69,1363,4993,7452,1,5,2310,0,,13,4,,0
West Bengal,Kolkata,Clubside Tours & Travels - Kolkata,Half-day city tour of Kolkata,7452,2683,366,2020-10-01T00:00:00,,,0,0,0,69,1363,4994,7452,6,14,2750,0,,13,4,,0
West Bengal,Kolkata,Clubside Tours & Travels - Kolkata,Half-day city tour of Kolkata,7452,2683,366,2020-10-01T00:00:00,,,0,0,0,69,1363,4995,7452,15,35,3520,0,,13,4,,0
West Bengal,Darjeeling,Clubside Tours & Travels Pvt Ltd,Early morning trip to Tiger Hill & Ghoom Monastery,7453,236,137,2020-10-01T00:00:00,,,0,0,0,99,35,4996,7453,1,10,2200,0,,13,4,,0
West Bengal,Darjeeling,Clubside Tours & Travels Pvt Ltd,Half-day Tea Garden tour,7259,236,1207,2019-10-01T00:00:00,Monday and winters Nov-Mar (depending on rainfall),,,0,0,99,,4905,7259,1,35,2200,0,,13,4,,0
West Bengal,Kolkata,Clubside Tours & Travels - Kolkata,Half-day city tour of Kolkata,7262,2683,366,2019-10-01T00:00:00,,,0,0,0,69,1363,4906,7262,1,5,2060,0,,13,4,,0
West Bengal,Kolkata,Clubside Tours & Travels - Kolkata,Half-day city tour of Kolkata,7262,2683,366,2019-10-01T00:00:00,,,0,0,0,69,1363,4907,7262,6,14,2600,0,,13,4,,0
West Bengal,Kolkata,Clubside Tours & Travels - Kolkata,Half-day city tour of Kolkata,7262,2683,366,2019-10-01T00:00:00,,,0,0,0,69,1363,4908,7262,15,35,3220,0,,13,4,,0
West Bengal,Kolkata,Clubside Tours & Travels - Kolkata,Visit to Mother Theresa's house & orphanage,7263,2683,1125,2019-10-01T00:00:00,,,,0,0,69,,4909,7263,1,5,2060,0,,13,4,,0
West Bengal,Kolkata,Clubside Tours & Travels - Kolkata,Full day city tour of Kolkata,7264,2683,677,2019-10-01T00:00:00,,,,0,0,69,,4910,7264,1,5,2500,0,,13,4,,0
West Bengal,Kolkata,Clubside Tours & Travels - Kolkata,Full day city tour of Kolkata,7264,2683,677,2019-10-01T00:00:00,,,,0,0,69,,4911,7264,6,14,3160,0,,13,4,,0
West Bengal,Kolkata,Clubside Tours & Travels - Kolkata,Full day city tour of Kolkata,7264,2683,677,2019-10-01T00:00:00,,,,0,0,69,,4912,7264,15,35,4100,0,,13,4,,0
