Rajasthan,Samode,Samode Palace,Deluxe Room,Bed & breakfast,Bed & breakfast,431895,14903,10,13,13,,,9200,22000,,,9200,23000,0,0,2,2,0,4400,4400,14903,213,2019-04-01T00:00:00,2019-04-30T00:00:00,1,15,0,0,0,,0,0,0,0,0,,15,0,1000,4,127,0,10,0,9,0,0,10,1,0,0,,,
Rajasthan,Samode,Samode Palace,Deluxe Suite,Bed & breakfast,Bed & breakfast,431896,14903,47,13,13,,,11600,29000,,,11600,29000,0,0,2,2,0,4400,4400,14903,213,2019-04-01T00:00:00,2019-04-30T00:00:00,1,15,0,0,0,,0,0,0,0,0,,15,0,1000,4,127,0,10,0,9,0,0,10,1,0,0,,,
Rajasthan,Jaipur,Samode Haveli,Deluxe Room,Bed & breakfast,Bed & breakfast,431913,14912,10,13,13,,,7700,18000,,,7700,19000,0,0,2,2,0,3500,3800,14912,624,2019-04-16T00:00:00,2019-04-30T00:00:00,1,15,0,0,0,,0,0,0,0,0,,15,0,1000,4,127,0,10,0,8.7,,0,10,1,0,0,,,
Rajasthan,Jaipur,Samode Haveli,Deluxe Suite,Bed & breakfast,Bed & breakfast,431914,14912,47,13,13,,,9700,22000,,,9700,22000,0,0,2,2,0,3500,3800,14912,624,2019-04-16T00:00:00,2019-04-30T00:00:00,1,15,0,0,0,,0,0,0,0,0,,15,0,1000,4,127,0,10,0,8.7,,0,10,1,0,0,,,
Rajasthan,Jaipur,Samode Haveli,Haveli Suite,Bed & breakfast,Bed & breakfast,431916,14912,384,13,13,,,10900,25000,,,10900,25000,0,0,2,2,0,3500,3800,14912,624,2019-04-16T00:00:00,2019-04-30T00:00:00,1,15,0,0,0,,0,0,0,0,0,,15,0,1000,4,127,0,10,0,8.7,,0,10,1,0,0,,,
Madhya Pradesh,Bandhavgarh,Samode Safari Lodge,Luxury Cottage,Jungle Plan,Jungle Plan,431934,14918,197,13,13,,,24000,38500,,,36000,53000,1,0,7,7,0,,,14918,2616,2019-04-16T00:00:00,2019-06-30T00:00:00,1,15,0,,,,0,0,0,0,,,,0,,,127,,10,0,7.42,,0,197,1,0,,,,
Goa,Goa,Summertime,Suite,Bed & breakfast,Room only,432094,14979,9,13,13,,,9100,,,,9100,,0,0,2,1,0,4000,0,14979,3008,2019-06-01T00:00:00,2019-09-30T00:00:00,1,7,0,0,0,0,0,0,0,0,0,0,0,0,0,,127,0,0,0,0,0,0,9,1,0,0,,,
Kerala,Thekkady,Hotel Tree Top,Bungalow,Bed & breakfast,Bed & breakfast,432352,15113,691,13,13,11200,,,,11200,,,,1,0,2,2,0,1000,,15113,2063,2019-01-11T00:00:00,2019-02-28T00:00:00,1,15,0,0,0,0,0,0,0,0,0,0,0,0,0,1,127,0,0,0,0,0,0,14,0,0,0,,,
Tamil Nadu,Coonoor,Wallwood Garden,Heritage Smart Room,Bed & breakfast,Bed & breakfast,432889,15339,771,13,13,9100,8000,,,9100,8000,,,1,0,2,2,0,1408,1100,15339,2388,2019-04-15T00:00:00,2019-06-15T00:00:00,1,15,0,0,,0,0,0,0,0,,,,0,,,127,,0,0,,0,0,770,0,0,0,,,
Tamil Nadu,Coonoor,Wallwood Garden,Heritage Romance Room,Bed & breakfast,Bed & breakfast,432890,15339,770,13,13,5706,5500,,,5706,5500,,,1,0,2,2,0,1408,1100,15339,2388,2019-04-15T00:00:00,2019-06-15T00:00:00,1,15,0,0,,0,0,0,0,0,,,,0,,,127,,0,0,,0,0,770,0,0,0,,,
Tamil Nadu,Coonoor,Wallwood Garden,Heritage Comfort Room,Bed & breakfast,Bed & breakfast,432891,15339,774,13,13,5188,5000,,,5188,5000,,,1,0,2,2,0,1408,1100,15339,2388,2019-04-15T00:00:00,2019-06-15T00:00:00,1,15,0,0,,0,0,0,0,0,,,,0,,,127,,0,0,,0,0,770,0,0,0,,,
Tamil Nadu,Coonoor,Wallwood Garden,Heritage Smart Room,Bed & breakfast,Bed & breakfast,432892,15340,771,13,13,9100,8000,,,9100,8000,,,1,0,2,2,0,1408,1100,15340,2388,2019-06-16T00:00:00,2019-09-30T00:00:00,1,15,0,0,,0,0,0,0,0,,,,0,,,127,,0,0,,0,0,770,0,0,0,,,
Tamil Nadu,Coonoor,Wallwood Garden,Heritage Romance Room,Bed & breakfast,Bed & breakfast,432893,15340,770,13,13,4669,4500,,,4669,4500,,,1,0,2,2,0,1408,1100,15340,2388,2019-06-16T00:00:00,2019-09-30T00:00:00,1,15,0,0,,0,0,0,0,0,,,,0,,,127,,0,0,,0,0,770,0,0,0,,,
Tamil Nadu,Coonoor,Wallwood Garden,Heritage Comfort Room,Bed & breakfast,Bed & breakfast,432894,15340,774,13,13,4150,4000,,,4150,4000,,,1,0,2,2,0,1408,1100,15340,2388,2019-06-16T00:00:00,2019-09-30T00:00:00,1,15,0,0,,0,0,0,0,0,,,,0,,,127,,0,0,,0,0,770,0,0,0,,,
Rajasthan,Bikaner,Narendra Bhawan,Residence Room,Bed & breakfast,Room only,433688,15636,876,13,13,,,6400,12000,,,6400,12000,0,0,2,1,0,2500,,15636,3045,2019-03-22T00:00:00,2019-03-31T00:00:00,1,15,0,0,0,0,0,0,0,0,0,0,0,0,0,,127,0,0,0,0,0,0,876,1,0,0,,,
Rajasthan,Bikaner,Narendra Bhawan,Prince's Room,Bed & breakfast,Room only,433689,15636,877,13,13,,,10000,17000,,,10000,17000,0,0,2,1,0,2500,,15636,3045,2019-03-22T00:00:00,2019-03-31T00:00:00,1,15,0,0,0,0,0,0,0,0,0,0,0,0,0,,127,0,0,0,0,0,0,876,1,0,0,,,
Rajasthan,Bikaner,Narendra Bhawan,Residence Room,Bed & breakfast,Room only,433693,15637,876,13,13,,,8400,12000,,,10400,12000,0,0,2,1,0,2500,,15637,3045,2019-03-20T00:00:00,2019-03-21T00:00:00,1,15,0,0,0,0,0,0,0,0,0,0,0,0,0,,127,0,0,0,0,0,0,876,1,0,0,,"Mandatory Gala Dinner Supplements  Holi - INR 2,000/- plus taxes per person  Children 8-11 - 50% of above rates.  Children below 8 - complimentary meals",
Rajasthan,Bikaner,Narendra Bhawan,Prince's Room,Bed & breakfast,Room only,433694,15637,877,13,13,,,12000,17000,,,14000,17000,0,0,2,1,0,2500,,15637,3045,2019-03-20T00:00:00,2019-03-21T00:00:00,1,15,0,0,0,0,0,0,0,0,0,0,0,0,0,,127,0,0,0,0,0,0,876,1,0,0,,"Mandatory Gala Dinner Supplements  Holi - INR 2,000/- plus taxes per person  Children 8-11 - 50% of above rates.  Children below 8 - complimentary meals",
Goa,Goa,The Cape Goa,Superior Grand Cottage,Room only,Bed & breakfast,433948,15710,894,13,13,,,,33000,,,,33000,0,1,1,2,0,0,1500,15710,3060,2019-01-21T00:00:00,2019-02-28T00:00:00,1,15,0,0,0,0,0,0,0,0,0,0,0,0,0,,127,0,0,0,0,0,0,197,1,0,0,,Our nine cottages are perched on the rocky cliff above a secluded beach at Cabo de Rama in South Goa.  All our cottages are sea-facing with a private warm water jacuzzi on the front terrace and air-conditioning.,
Tamil Nadu,Chettinad,Visalam,Chettinad Suite,Bed & breakfast,Room only,434074,15759,820,13,13,,,13800,,,,13800,,1,0,2,1,0,2655,0,15759,2332,2019-01-11T00:00:00,2019-01-31T00:00:00,1,10,0,,,0,0,0,0,0,,,,0,,,127,,10,0,8.4,,0,819,1,0,0,,,5
Tamil Nadu,Chettinad,Visalam,Chettinad Suite,Bed & breakfast,Room only,434076,15760,820,13,13,,,13800,,,,13800,,1,0,2,1,0,2655,0,15760,2332,2019-03-01T00:00:00,2019-03-31T00:00:00,1,10,0,,,0,0,0,0,0,,,,0,,,127,,10,0,8.4,,0,819,1,0,0,,,5
Tamil Nadu,Chettinad,Visalam,Chettinad Suite,Bed & breakfast,Room only,434080,15762,820,13,13,,,15750,,,,15750,,1,0,2,1,0,2655,0,15762,2332,2019-02-01T00:00:00,2019-02-28T00:00:00,1,10,0,,,0,0,0,0,0,,,,0,,,127,,10,0,8.4,,0,819,1,0,0,,,5
Pondicherry,Pondicherry,Maison Perumal,Deluxe Room,Bed & breakfast,Room only,434094,15769,10,13,13,,,8700,,,,8700,,1,0,2,1,0,2655,0,15769,2591,2019-01-11T00:00:00,2019-01-31T00:00:00,1,15,0,,,,0,0,0,0,,,,0,,,127,,,0,3.09,,0,82,,0,0,,,5
Pondicherry,Pondicherry,Maison Perumal,Deluxe Room,Bed & breakfast,Room only,434096,15770,10,13,13,,,8700,,,,8700,,1,0,2,1,0,2655,0,15770,2591,2019-03-01T00:00:00,2019-03-31T00:00:00,1,15,0,,,,0,0,0,0,,,,0,,,127,,,0,3.09,,0,82,,0,0,,,5
Pondicherry,Pondicherry,Maison Perumal,Deluxe Room,Bed & breakfast,Room only,434100,15772,10,13,13,,,10650,,,,10650,,1,0,2,1,0,2655,0,15772,2591,2019-02-01T00:00:00,2019-02-28T00:00:00,1,15,0,,,,0,0,0,0,,,,0,,,127,,,0,3.09,,0,82,,0,0,,,5
Kerala,Kochi,Tea Bungalow,Heritage Deluxe Room,Bed & breakfast,Room only,434265,15817,298,13,13,,,7500,,,,7500,,1,0,2,1,0,3500,0,15817,2461,2019-01-11T00:00:00,2019-03-31T00:00:00,1,15,0,,,0,0,0,0,0,,,,0,,,127,,,0,,4.95,0,298,1,0,,,,
Kerala,Kochi,Tea Bungalow,Heritage Premium,Bed & breakfast,Room only,434266,15817,372,13,13,,,8500,,,,8500,,1,0,2,1,0,3000,0,15817,2461,2019-01-11T00:00:00,2019-03-31T00:00:00,1,15,0,,,0,0,0,0,0,,,,0,,,127,,,0,,4.95,0,298,1,0,,,,
Goa,Goa,Summertime,Suite,Bed & breakfast,Room only,434415,15876,9,13,13,,,11000,,,,11000,,0,0,2,1,0,4000,0,15876,3008,2019-10-01T00:00:00,2019-12-14T00:00:00,1,7,0,0,0,0,0,0,0,0,0,0,0,0,0,,127,0,0,0,0,0,0,9,1,0,0,,,
Madhya Pradesh,Gwalior,Usha Kiran Palace,Superior Room,Room only,Room only,434434,15890,25,13,13,,,4500,,,,4500,,0,0,1,1,0,,0,15890,1381,2019-04-16T00:00:00,2019-09-30T00:00:00,1,15,0,1.25,,0,0,0,0,0,,,,0,,,127,,10,1,9,21.8,0,25,1,0,,,,
Madhya Pradesh,Gwalior,Usha Kiran Palace,Deluxe Room,Room only,Room only,434435,15890,10,13,13,,,5000,,,,5000,,0,0,1,1,0,,0,15890,1381,2019-04-16T00:00:00,2019-09-30T00:00:00,1,15,0,1.25,,0,0,0,0,0,,,,0,,,127,,10,1,9,21.8,0,25,1,0,,,,
Madhya Pradesh,Gwalior,Usha Kiran Palace,Superior Room,Room only,Room only,434436,15891,25,13,13,,,8500,,,,8500,,0,0,1,1,0,,0,15891,1381,2019-10-01T00:00:00,2019-12-21T00:00:00,1,15,0,1.25,,0,0,0,0,0,,,,0,,,127,,10,1,9,21.8,0,25,1,0,,,,
Madhya Pradesh,Gwalior,Usha Kiran Palace,Deluxe Room,Room only,Room only,434437,15891,10,13,13,,,9000,,,,9000,,0,0,1,1,0,,0,15891,1381,2019-10-01T00:00:00,2019-12-21T00:00:00,1,15,0,1.25,,0,0,0,0,0,,,,0,,,127,,10,1,9,21.8,0,25,1,0,,,,
Madhya Pradesh,Gwalior,Usha Kiran Palace,Superior Room,Room only,Room only,434438,15892,25,13,13,,,10000,,,,10000,,0,0,1,1,0,,0,15892,1381,2019-12-22T00:00:00,2019-12-26T00:00:00,1,15,0,1.25,,0,0,0,0,0,,,,0,,,127,,10,1,9,21.8,0,25,1,0,,,24/12 : Rs 2500 + tax,
Madhya Pradesh,Gwalior,Usha Kiran Palace,Deluxe Room,Room only,Room only,434439,15892,10,13,13,,,10500,,,,10500,,0,0,1,1,0,,0,15892,1381,2019-12-22T00:00:00,2019-12-26T00:00:00,1,15,0,1.25,,0,0,0,0,0,,,,0,,,127,,10,1,9,21.8,0,25,1,0,,,24/12 : Rs 2500 + tax,
Madhya Pradesh,Gwalior,Usha Kiran Palace,Superior Room,Room only,Room only,434440,15893,25,13,13,,,10500,,,,10500,,0,0,1,1,0,,0,15893,1381,2019-12-27T00:00:00,2020-01-04T00:00:00,1,15,0,1.25,,0,0,0,0,0,,,,0,,,127,,10,1,9,21.8,0,25,1,0,,,31/12:  Rs 4500 pp + tax,
Madhya Pradesh,Gwalior,Usha Kiran Palace,Deluxe Room,Room only,Room only,434441,15893,10,13,13,,,11000,,,,11000,,0,0,1,1,0,,0,15893,1381,2019-12-27T00:00:00,2020-01-04T00:00:00,1,15,0,1.25,,0,0,0,0,0,,,,0,,,127,,10,1,9,21.8,0,25,1,0,,,31/12:  Rs 4500 pp + tax,
Uttar Pradesh,Agra,The Coral Country Homestay,Standard Room,Bed & breakfast,Room only,434503,15922,18,13,13,,,1900,,,,2250,,1,0,2,1,0,800,0,15922,3107,2019-01-10T00:00:00,2019-09-30T00:00:00,1,15,0,0,0,0,0,0,0,0,0,0,0,0,0,,127,0,0,0,0,0,0,,1,0,0,,Rates same as Coral Tree,
Gujarat,Ahmedabad,Hotel Accolade,Deluxe Room,Bed & breakfast,Room only,434504,15923,10,13,13,,,2600,,,,2600,,1,0,2,1,0,500,0,15923,2833,2019-10-01T00:00:00,2020-03-31T00:00:00,1,15,0,0,0,0,0,0,0,0,0,0,0,0,0,,127,0,0,0,0,0,0,10,1,0,0,,These rates will remain valid from 1st October 2019 untill 31st March 2019 { Except City Sold out dates }.,5
Rajasthan,Narlai,Rawla Narlai,Junior Suite,Bed & breakfast,Room only,434551,15942,157,13,13,,,20000,,,,20000,,1,0,2,1,0,1800,0,15942,404,2019-04-01T00:00:00,2019-09-30T00:00:00,1,10,0,0,0,,0,0,0,0,,,,0,500,,127,0,,0,,,0,553,1,0,0,,,
Rajasthan,Narlai,Rawla Narlai,Narlai Suite,Bed & breakfast,Room only,434552,15942,667,13,13,,,30000,,,,30000,,1,0,2,1,0,1800,0,15942,404,2019-04-01T00:00:00,2019-09-30T00:00:00,1,10,0,0,0,,0,0,0,0,,,,0,500,,127,0,,0,,,0,553,1,0,0,,,
Rajasthan,Samode,Samode Palace,Deluxe Room,Bed & breakfast,Bed & breakfast,434598,15954,10,13,13,,,7500,22000,,,7500,23000,1,0,2,2,0,4400,4400,15954,213,2019-05-01T00:00:00,2019-07-31T00:00:00,1,15,0,0,0,,0,0,0,0,0,,15,0,1000,4,127,0,10,0,9,0,0,10,1,0,0,,,
Rajasthan,Samode,Samode Palace,Deluxe Suite,Bed & breakfast,Bed & breakfast,434599,15954,47,13,13,,,,29000,,,,29000,0,0,2,2,0,,4400,15954,213,2019-05-01T00:00:00,2019-07-31T00:00:00,1,15,0,0,0,,0,0,0,0,0,,15,0,1000,4,127,0,10,0,9,0,0,10,1,0,0,,,
Rajasthan,Samode,Samode Palace,Deluxe Room,Bed & breakfast,Bed & breakfast,434601,15955,10,13,13,,,9200,22000,,,9200,23000,0,0,2,2,0,4400,4400,15955,213,2019-08-01T00:00:00,2019-09-30T00:00:00,1,15,0,0,0,,0,0,0,0,0,,15,0,1000,4,127,0,10,0,9,0,0,10,1,0,0,,,
Rajasthan,Samode,Samode Palace,Deluxe Suite,Bed & breakfast,Bed & breakfast,434602,15955,47,13,13,,,11600,29000,,,11600,29000,0,0,2,2,0,4400,4400,15955,213,2019-08-01T00:00:00,2019-09-30T00:00:00,1,15,0,0,0,,0,0,0,0,0,,15,0,1000,4,127,0,10,0,9,0,0,10,1,0,0,,,
Rajasthan,Samode,Samode Palace,Deluxe Room,Bed & breakfast,Bed & breakfast,434607,15957,10,13,13,,,15000,,,,15000,,0,0,2,2,0,4400,4400,15957,213,2020-01-03T00:00:00,2020-03-31T00:00:00,1,15,0,0,0,,0,0,0,0,0,,15,0,1000,4,127,0,10,0,9,0,0,10,1,0,0,,,
Rajasthan,Samode,Samode Palace,Deluxe Suite,Bed & breakfast,Bed & breakfast,434608,15957,47,13,13,,,20000,,,,20000,,0,0,2,2,0,4400,4400,15957,213,2020-01-03T00:00:00,2020-03-31T00:00:00,1,15,0,0,0,,0,0,0,0,0,,15,0,1000,4,127,0,10,0,9,0,0,10,1,0,0,,,
Rajasthan,Samode,Samode Palace,Deluxe Room,Bed & breakfast,Bed & breakfast,434610,15958,10,13,13,,,,24000,,,,24000,0,0,2,2,0,,4400,15958,213,2019-12-24T00:00:00,2019-12-30T00:00:00,1,15,0,0,0,,0,0,0,0,0,,15,0,1000,4,127,0,10,0,9,0,0,10,1,0,0,,,
Rajasthan,Samode,Samode Palace,Deluxe Suite,Bed & breakfast,Bed & breakfast,434611,15958,47,13,13,,,,29000,,,,29000,0,0,2,2,0,,4400,15958,213,2019-12-24T00:00:00,2019-12-30T00:00:00,1,15,0,0,0,,0,0,0,0,0,,15,0,1000,4,127,0,10,0,9,0,0,10,1,0,0,,,
Rajasthan,Samode,Samode Palace,Deluxe Room,Bed & breakfast,Bed & breakfast,434613,15959,10,13,13,,,,24000,,,,24000,0,0,2,2,0,,4400,15959,213,2020-01-01T00:00:00,2020-01-02T00:00:00,1,15,0,0,0,10,0,0,0,0,0,,15,0,1000,4,127,0,10,0,9,0,0,10,1,0,0,,,
Rajasthan,Samode,Samode Palace,Deluxe Suite,Bed & breakfast,Bed & breakfast,434614,15959,47,13,13,,,,29000,,,,29000,0,0,2,2,0,,4400,15959,213,2020-01-01T00:00:00,2020-01-02T00:00:00,1,15,0,0,0,10,0,0,0,0,0,,15,0,1000,4,127,0,10,0,9,0,0,10,1,0,0,,,
Rajasthan,Samode,Samode Palace,Deluxe Room,Bed & breakfast,Bed & breakfast,434619,15961,10,13,13,,,9200,,,,9200,,0,0,2,2,0,4400,,15961,213,2020-04-01T00:00:00,2020-04-30T00:00:00,1,15,0,0,0,,0,0,0,0,0,,15,0,1000,4,127,0,10,0,9,0,0,10,1,0,0,,,
Rajasthan,Samode,Samode Palace,Deluxe Suite,Bed & breakfast,Bed & breakfast,434620,15961,47,13,13,,,11600,,,,11600,,0,0,2,2,0,4400,,15961,213,2020-04-01T00:00:00,2020-04-30T00:00:00,1,15,0,0,0,,0,0,0,0,0,,15,0,1000,4,127,0,10,0,9,0,0,10,1,0,0,,,
Rajasthan,Samode,Samode Palace,Deluxe Room,Bed & breakfast,Bed & breakfast,434622,15962,10,13,13,,,9200,,,,9200,,0,0,2,2,0,4400,,15962,213,2020-08-01T00:00:00,2020-09-30T00:00:00,1,15,0,0,0,,0,0,0,0,0,,15,0,1000,4,127,0,10,0,9,0,0,10,1,0,0,,,
Rajasthan,Samode,Samode Palace,Deluxe Suite,Bed & breakfast,Bed & breakfast,434623,15962,47,13,13,,,11600,,,,11600,,0,0,2,2,0,4400,,15962,213,2020-08-01T00:00:00,2020-09-30T00:00:00,1,15,0,0,0,,0,0,0,0,0,,15,0,1000,4,127,0,10,0,9,0,0,10,1,0,0,,,
Rajasthan,Samode,Samode Palace,Deluxe Room,Bed & breakfast,Bed & breakfast,434625,15963,10,13,13,,,7850,,,,7850,,1,0,2,2,0,4400,,15963,213,2020-05-01T00:00:00,2020-07-31T00:00:00,1,15,0,0,0,,0,0,0,0,0,,15,0,1000,4,127,0,10,0,9,0,0,10,1,0,0,,,
Rajasthan,Samode,Samode Palace,Deluxe Suite,Bed & breakfast,Bed & breakfast,434626,15963,47,13,13,,,,,,,,,0,0,2,2,0,,,15963,213,2020-05-01T00:00:00,2020-07-31T00:00:00,1,15,0,0,0,,0,0,0,0,0,,15,0,1000,4,127,0,10,0,9,0,0,10,1,0,0,,,
Rajasthan,Samode,Samode Bagh,Deluxe Tent,Bed & breakfast,Bed & breakfast,434632,15968,78,13,13,,,,10000,,,,10000,0,0,2,2,0,,2750,15968,352,2019-12-24T00:00:00,2019-12-30T00:00:00,1,15,0,0,0,10,0,0,0,0,0,,15,0,1000,4,127,0,10,0,8.4,0,0,78,1,0,0,,,
Rajasthan,Samode,Samode Bagh,Deluxe Tent,Bed & breakfast,Bed & breakfast,434633,15969,78,13,13,,,,10000,,,,10000,0,0,2,2,0,,2750,15969,352,2020-01-01T00:00:00,2020-01-02T00:00:00,1,15,0,0,0,10,0,0,0,0,0,,15,0,1000,4,127,0,10,0,8.4,0,0,78,1,0,0,,,
Orissa,Baliguda,Hotel Bivab,Standard Room,Bed & breakfast,Room only,434638,15974,18,13,13,,,3500,,,,3500,,1,0,2,1,0,0,0,15974,3110,2019-12-29T00:00:00,2019-12-31T00:00:00,1,15,0,0,0,0,0,0,0,0,0,0,0,0,0,,127,0,0,0,0,0,0,18,1,0,0,,,5
Uttar Pradesh,Varanasi,Panchkote Raj Ganges,Boutique Room,Bed & breakfast,Room only,434661,15986,378,13,13,,,7000,,,,7000,,0,0,2,1,0,0,0,15986,3114,2019-03-12T00:00:00,2019-03-13T00:00:00,1,15,0,0,0,0,0,0,0,0,0,0,0,0,0,,127,0,0,0,0,0,0,378,1,0,0,,Just for booking purpose,
Rajasthan,Jaipur,Samode Haveli,Deluxe Room,Bed & breakfast,Bed & breakfast,434747,16021,10,13,13,,,7700,,,,7700,,0,0,2,2,0,3500,,16021,624,2019-08-01T00:00:00,2019-09-30T00:00:00,1,15,0,0,0,,0,0,0,0,0,,15,0,1000,4,127,0,10,0,8.7,,0,10,1,0,0,,,
Rajasthan,Jaipur,Samode Haveli,Deluxe Suite,Bed & breakfast,Bed & breakfast,434748,16021,47,13,13,,,9700,,,,9700,,0,0,2,2,0,3500,,16021,624,2019-08-01T00:00:00,2019-09-30T00:00:00,1,15,0,0,0,,0,0,0,0,0,,15,0,1000,4,127,0,10,0,8.7,,0,10,1,0,0,,,
Rajasthan,Jaipur,Samode Haveli,Haveli Suite,Bed & breakfast,Bed & breakfast,434750,16021,384,13,13,,,10900,,,,10900,,0,0,2,2,0,3500,,16021,624,2019-08-01T00:00:00,2019-09-30T00:00:00,1,15,0,0,0,,0,0,0,0,0,,15,0,1000,4,127,0,10,0,8.7,,0,10,1,0,0,,,
Madhya Pradesh,Satpura,Reni Pani Jungle Lodge,Luxury Room,Jungle Plan,Room only,434983,16120,26,13,13,,,26870,,,,30700,,1,0,7,1,0,7500,0,16120,3099,2019-10-01T00:00:00,2020-06-30T00:00:00,1,15,0,0,0,0,0,0,0,0,0,0,0,0,0,,127,0,0,0,0,0,0,39,1,0,0,,All meals + evening snacks  1 Shared Jeep + 1 Shared National Park / Buffer Activity per day ** included in cost.,
Madhya Pradesh,Satpura,Reni Pani Jungle Lodge,Luxury Tent,Jungle Plan,Room only,434984,16120,39,13,13,,,32725,,,,37400,,1,0,7,1,0,7500,0,16120,3099,2019-10-01T00:00:00,2020-06-30T00:00:00,1,15,0,0,0,0,0,0,0,0,0,0,0,0,0,,127,0,0,0,0,0,0,39,1,0,0,,All meals + evening snacks  1 Shared Jeep + 1 Shared National Park / Buffer Activity per day ** included in cost.,
West Bengal,Kolkata,The Elgin Fairlawn,Standard Room,Room only,Bed & breakfast,435048,16142,18,13,13,,,,4500,,,,5200,0,0,1,2,0,0,2200,16142,1866,2019-04-01T00:00:00,2019-09-14T00:00:00,1,15,0,,0,20,0,0,1,0,0,0,0,0,19,,127,0,13.35,1,7.42,0,0,18,1,0,0,,,
West Bengal,Kolkata,The Elgin Fairlawn,Deluxe Room,Room only,Bed & breakfast,435049,16142,10,13,13,,,,7000,,,,7000,0,0,1,2,0,0,2200,16142,1866,2019-04-01T00:00:00,2019-09-14T00:00:00,1,15,0,,0,20,0,0,1,0,0,0,0,0,19,,127,0,13.35,1,7.42,0,0,18,1,0,0,,,
West Bengal,Kolkata,The Elgin Fairlawn,Standard Room,Room only,Bed & breakfast,435050,16143,18,13,13,,,,4500,,,,5200,0,0,1,2,0,0,2200,16143,1866,2019-09-15T00:00:00,2019-09-30T00:00:00,1,15,0,,0,10,0,0,1,0,0,0,0,0,19,,127,0,13.35,1,7.42,0,0,18,1,0,0,,,
West Bengal,Kolkata,The Elgin Fairlawn,Deluxe Room,Room only,Bed & breakfast,435051,16143,10,13,13,,,,7000,,,,7000,0,0,1,2,0,0,2200,16143,1866,2019-09-15T00:00:00,2019-09-30T00:00:00,1,15,0,,0,10,0,0,1,0,0,0,0,0,19,,127,0,13.35,1,7.42,0,0,18,1,0,0,,,
Assam,Dibrugarh,Chowkidinghee Chang Bungalow,First Floor Room,Bed & breakfast,Bed & breakfast,435112,16174,400,13,13,,,9000,,,,9000,,0,0,2,2,0,2000,,16174,2524,2019-10-01T00:00:00,2020-09-30T00:00:00,1,6,0,,15,,0,0,0,0,,,,0,,,127,,5,0,9,,0,400,1,0,0,,,
Assam,Dibrugarh,Chowkidinghee Chang Bungalow,Ground Floor Room,Bed & breakfast,Bed & breakfast,435113,16174,399,13,13,,,5500,,,,5500,,0,0,2,2,0,2000,,16174,2524,2019-10-01T00:00:00,2020-09-30T00:00:00,1,6,0,,15,,0,0,0,0,,,,0,,,127,,5,0,9,,0,400,1,0,0,,,
Rajasthan,Bundi,Hotel Bundi Haveli,Super Deluxe Room,Bed & breakfast,Room only,435144,16190,66,13,13,,,2050,2500,,,2050,2500,1,0,2,1,0,950,,16190,2214,2019-04-01T00:00:00,2019-09-30T00:00:00,1,15,0,,,,0,0,0,0,,,,0,,1,127,,10,0,9,,0,66,1,0,0,,,
Rajasthan,Bundi,Hotel Bundi Haveli,Haveli Suite,Bed & breakfast,Room only,435145,16190,384,13,13,,,3650,4000,,,3650,4000,1,0,2,1,0,950,,16190,2214,2019-04-01T00:00:00,2019-09-30T00:00:00,1,15,0,,,,0,0,0,0,,,,0,,1,127,,10,0,9,,0,66,1,0,0,,,
Rajasthan,Jaisalmer,Nachana Haveli,Suite,Bed & breakfast,Room only,435153,16194,9,13,13,,,4250,,,,4750,,1,0,2,1,0,1000,0,16194,1344,2019-04-01T00:00:00,2019-09-30T00:00:00,1,15,0,0,0,,0,0,0,0,,,,0,350,,127,0,,0,0,,0,10,1,0,0,,,
Rajasthan,Jaisalmer,Nachana Haveli,Suite,Bed & breakfast,Room only,435155,16195,9,13,13,,,4950,,,,5500,,1,0,2,1,0,1200,0,16195,1344,2019-10-01T00:00:00,2020-03-31T00:00:00,1,15,0,0,0,,0,0,0,0,,,,0,350,,127,0,,0,0,,0,10,1,0,0,,,
Maharashtra,Mumbai,Hotel Suba Palace,Deluxe Room,Bed & breakfast,Room only,435170,16207,10,13,13,,,5500,,,,6500,,0,0,2,1,0,1000,0,16207,3050,2019-04-01T00:00:00,2019-09-30T00:00:00,1,15,0,0,0,0,0,0,0,0,0,0,0,0,0,,127,0,0,0,0,0,0,10,1,0,0,,,
Maharashtra,Mumbai,Hotel Suba Palace,Deluxe Room,Bed & breakfast,Room only,435171,16208,10,13,13,,,6000,,,,7000,,0,0,2,1,0,1000,0,16208,3050,2019-10-01T00:00:00,2020-03-31T00:00:00,1,15,0,0,0,0,0,0,0,0,0,0,0,0,0,,127,0,0,0,0,0,0,10,1,0,0,,,
Goa,Goa,Panjim Inn,Peoples Superiors,Bed & breakfast,Room only,435244,16231,534,13,13,,,8700,,,,8700,,1,0,2,1,0,1920,0,16231,2351,2020-01-06T00:00:00,2020-03-31T00:00:00,1,15,0,,,0,0,0,0,0,,,,0,,,127,,,0,,,0,10,1,0,0,,,
Goa,Goa,Panjim Inn,Peoples Superiors,Bed & breakfast,Room only,435245,16230,534,13,13,,,8700,,,,8700,,1,0,2,1,0,1920,0,16230,2351,2019-10-01T00:00:00,2019-12-20T00:00:00,1,15,0,,,0,0,0,0,0,,,,0,,,127,,,0,,,0,10,1,0,0,,Use same rate for peak period until the rates are finalized,
Kerala,Thekkady,Hotel Tree Top,Bungalow,Bed & breakfast,Bed & breakfast,435319,16259,691,13,13,11200,,,,11200,,,,1,0,2,2,0,1000,,16259,2063,2019-10-01T00:00:00,2019-10-24T00:00:00,1,15,0,0,0,0,0,0,0,0,0,0,0,0,0,1,127,0,0,0,0,0,0,14,0,0,0,,,
Kerala,Thekkady,Hotel Tree Top,Bungalow,Bed & breakfast,Bed & breakfast,435322,16260,691,13,13,13400,,,,13400,,,,1,0,2,2,0,1200,,16260,2063,2019-10-25T00:00:00,2019-11-08T00:00:00,1,15,0,0,0,0,0,0,0,0,0,0,0,0,0,1,127,0,0,0,0,0,0,14,0,0,0,,,
Kerala,Thekkady,Hotel Tree Top,Bungalow,Bed & breakfast,Bed & breakfast,435325,16261,691,13,13,11200,,,,11200,,,,1,0,2,2,0,1000,,16261,2063,2019-11-09T00:00:00,2019-12-09T00:00:00,1,15,0,0,0,0,0,0,0,0,0,0,0,0,0,1,127,0,0,0,0,0,0,14,0,0,0,,,
Kerala,Thekkady,Hotel Tree Top,Bungalow,Bed & breakfast,Bed & breakfast,435328,16262,691,13,13,11200,,,,11200,,,,1,0,2,2,0,1000,,16262,2063,2020-01-11T00:00:00,2020-02-28T00:00:00,1,15,0,0,0,0,0,0,0,0,0,0,0,0,0,1,127,0,0,0,0,0,0,14,0,0,0,,,
Kerala,Thekkady,Hotel Tree Top,Bungalow,Bed & breakfast,Bed & breakfast,435331,16263,691,13,13,9600,,,,9600,,,,1,0,2,2,0,1000,,16263,2063,2020-03-01T00:00:00,2020-05-31T00:00:00,1,15,0,0,0,0,0,0,0,0,0,0,0,0,0,1,127,0,0,0,0,0,0,14,0,0,0,,,
Kerala,Thekkady,Hotel Tree Top,Bungalow,Bed & breakfast,Bed & breakfast,435334,16264,691,13,13,13400,,,,13400,,,,1,0,2,2,0,1200,,16264,2063,2019-12-10T00:00:00,2020-01-10T00:00:00,1,15,0,0,0,0,0,0,0,0,0,0,0,0,0,1,127,0,0,0,0,0,0,14,0,0,0,,24/12: 1500pp  31/12:2000pp,
Kerala,Thekkady,Hotel Tree Top,Bungalow,Bed & breakfast,Bed & breakfast,435337,16265,691,13,13,8600,,,,8600,,,,1,0,2,2,0,1000,,16265,2063,2020-06-01T00:00:00,2020-09-30T00:00:00,1,15,0,0,0,0,0,0,0,0,0,0,0,0,0,1,127,0,0,0,0,0,0,14,0,0,0,,,
Rajasthan,Udaipur,Udai Kothi,Garden Suite,Bed & breakfast,Room only,435447,16313,67,13,13,,,8000,,,,8000,,0,0,2,1,0,2100,0,16313,1861,2019-04-01T00:00:00,2019-09-30T00:00:00,1,15,0,0,0,0,0,0,0,0,0,0,0,0,300,,127,0,,0,7.42,0,0,708,1,0,0,,,
Rajasthan,Udaipur,Udai Kothi,Garden Suite,Bed & breakfast,Room only,435453,16314,67,13,13,,,13000,,,,13000,,0,0,2,1,0,2100,0,16314,1861,2019-10-01T00:00:00,2020-03-31T00:00:00,1,15,0,0,0,0,0,0,0,0,0,0,0,0,300,,127,0,,0,7.42,0,0,708,1,0,0,,"Christmas Eve supplement: Rs 4,300/- p.p.  New Year's Eve supplement: Rs 4,300/- p.p.",
Goa,Goa,The Bay Agonda,Garden View Cottage,Room only,Room only,435546,16363,195,13,13,,,5950,,,,5950,,1,0,1,1,0,1180,0,16363,2953,2019-12-20T00:00:00,2020-01-10T00:00:00,1,15,0,0,0,,0,0,0,0,0,0,0,0,0,,127,0,11,0,9,0,0,754,1,0,0,,,
Karnataka,Mysore,Royal Orchid Metropole Hotel,Royal Wing Room,Bed & breakfast,Room only,435641,16382,473,13,13,,,4500,,,,5300,,0,0,2,1,0,1500,0,16382,2415,2019-04-01T00:00:00,2019-09-30T00:00:00,1,15,0,,,,0,0,0,0,,,,0,,,127,,,0,,,0,473,1,0,,,,
Karnataka,Mysore,Royal Orchid Metropole Hotel,Heritage Room,Bed & breakfast,Room only,435642,16382,185,13,13,,,5300,,,,6000,,0,0,2,1,0,1500,0,16382,2415,2019-04-01T00:00:00,2019-09-30T00:00:00,1,15,0,,,,0,0,0,0,,,,0,,,127,,,0,,,0,473,1,0,,,,
Karnataka,Mysore,Royal Orchid Metropole Hotel,Maharaja Suite,Bed & breakfast,Room only,435643,16382,42,13,13,,,7700,,,,8500,,0,0,2,1,0,1500,0,16382,2415,2019-04-01T00:00:00,2019-09-30T00:00:00,1,15,0,,,,0,0,0,0,,,,0,,,127,,,0,,,0,473,1,0,,,,
Madhya Pradesh,Khajuraho,Ramada Khajuraho,Deluxe Room,Bed & breakfast,Room only,435703,16397,10,13,13,,,4000,,,,4000,,0,0,2,1,0,1000,0,16397,2638,2019-10-01T00:00:00,2020-03-31T00:00:00,1,15,0,,,,0,0,0,0,,,,0,,,127,,10,1,8.7,,0,25,1,0,,,"Mandatory New Year's Eve Dinner: Rs 3,200/- per person + 18% GST",
Rajasthan,Bikaner,Laxmi Niwas Palace,Garden Room,Bed & breakfast,Bed & breakfast,435803,16436,709,13,13,,,9000,,,,9000,,1,0,2,2,0,5120,,16436,1436,2019-04-01T00:00:00,2019-09-30T00:00:00,1,15,0,0,0,10,0,0,0,0,,,,0,600,2,127,0,,0,5.15,,1,10,1,0,1,0,,
Rajasthan,Bikaner,Laxmi Niwas Palace,Historical Suite,Fullboard,Bed & breakfast,435804,16436,48,13,13,,,15000,,,,15000,,1,0,4,2,0,,,16436,1436,2019-04-01T00:00:00,2019-09-30T00:00:00,1,15,0,0,0,10,0,0,0,0,,,,0,600,2,127,0,,0,5.15,,1,10,1,0,1,0,,
Rajasthan,Bikaner,Laxmi Niwas Palace,Royal Suite,Fullboard,Room only,435805,16436,52,13,13,,,22500,,,,22500,,1,0,4,1,0,,0,16436,1436,2019-04-01T00:00:00,2019-09-30T00:00:00,1,15,0,0,0,10,0,0,0,0,,,,0,600,2,127,0,,0,5.15,,1,10,1,0,1,0,,
Rajasthan,Bikaner,Laxmi Niwas Palace,Garden Room,Bed & breakfast,Bed & breakfast,435812,16440,709,13,13,,,12000,,,,12000,,1,0,2,2,0,5120,,16440,1436,2019-10-01T00:00:00,2020-03-31T00:00:00,1,15,0,0,0,10,0,0,0,0,,,,0,600,2,127,0,,0,5.15,,1,709,1,0,1,0,,
Rajasthan,Bikaner,Laxmi Niwas Palace,Historical Suite,Fullboard,Bed & breakfast,435813,16440,48,13,13,,,20000,,,,20000,,1,0,4,2,0,,,16440,1436,2019-10-01T00:00:00,2020-03-31T00:00:00,1,15,0,0,0,10,0,0,0,0,,,,0,600,2,127,0,,0,5.15,,1,709,1,0,1,0,,
Rajasthan,Bikaner,Laxmi Niwas Palace,Royal Suite,Fullboard,Room only,435814,16440,52,13,13,,,30000,,,,30000,,1,0,4,1,0,,0,16440,1436,2019-10-01T00:00:00,2020-03-31T00:00:00,1,15,0,0,0,10,0,0,0,0,,,,0,600,2,127,0,,0,5.15,,1,709,1,0,1,0,,
Rajasthan,Bikaner,Narendra Bhawan,Residence Room,Bed & breakfast,Room only,435817,16442,876,13,13,,,4200,12000,,,4200,12000,0,0,2,1,0,1500,,16442,3045,2019-04-01T00:00:00,2019-09-30T00:00:00,1,15,0,0,0,0,0,0,0,0,0,0,0,0,0,,127,0,0,0,0,0,0,876,1,0,0,,,
Rajasthan,Bikaner,Narendra Bhawan,Prince's Room,Bed & breakfast,Room only,435818,16442,877,13,13,,,6500,17000,,,6500,17000,0,0,2,1,0,1500,,16442,3045,2019-04-01T00:00:00,2019-09-30T00:00:00,1,15,0,0,0,0,0,0,0,0,0,0,0,0,0,,127,0,0,0,0,0,0,876,1,0,0,,,
Rajasthan,Jaisalmer,Suryagarh,Luxury Suite,Bed & breakfast,Room only,435851,16448,45,13,13,,,15500,,,,15500,,0,0,2,1,0,4000,0,16448,3046,2019-04-01T00:00:00,2019-04-30T00:00:00,1,15,0,0,0,0,0,0,0,0,0,0,0,0,0,,127,0,0,0,0,0,0,881,1,0,0,,,
Rajasthan,Jaisalmer,Suryagarh,Luxury Suite,Bed & breakfast,Room only,435859,16449,45,13,13,,,22500,,,,22500,,0,0,2,1,0,4000,0,16449,3046,2019-10-01T00:00:00,2019-12-20T00:00:00,1,15,0,0,0,0,0,0,0,0,0,0,0,0,0,,127,0,0,0,0,0,0,881,1,0,0,,"Mandatory Gala Dinner Supplements  Diwali - INR 4,000/- plus taxes per person  Children 6-12 - 50% of above rates.  Children below 6 - complimentary meals",
Rajasthan,Jaisalmer,Suryagarh,Luxury Suite,Bed & breakfast,Room only,435867,16450,45,13,13,,,22500,,,,22500,,0,0,2,1,0,4000,0,16450,3046,2020-01-06T00:00:00,2020-03-31T00:00:00,1,15,0,0,0,0,0,0,0,0,0,0,0,0,0,,127,0,0,0,0,0,0,881,1,0,0,,"Mandatory Gala Dinner Supplements  Holi - INR 7,500/- plus taxes per person  Children 6-12 - 50% of above rates.  Children below 6 - complimentary meals",
Rajasthan,Jaisalmer,Suryagarh,Luxury Suite,Bed & breakfast,Room only,435875,16451,45,13,13,,,36000,,,,36000,,0,0,2,1,0,4000,0,16451,3046,2019-12-21T00:00:00,2020-01-05T00:00:00,1,15,0,0,0,0,0,0,0,0,0,0,0,0,0,,127,0,0,0,0,0,0,881,1,0,0,,"Mandatory Gala Dinner Supplements  Christmas - INR 8,500/- plus taxes per person  New Year Eve - INR 10,000/- plus taxes per person  Children 6-12 - 50% of above rates.  Children below 6 - complimentary meals",
Rajasthan,Jaisalmer,Suryagarh,Luxury Suite,Bed & breakfast,Room only,435883,16452,45,13,13,,,15500,,,,15500,,0,0,2,1,0,4000,0,16452,3046,2019-07-01T00:00:00,2019-09-30T00:00:00,1,15,0,0,0,0,0,0,0,0,0,0,0,0,0,,127,0,0,0,0,0,0,881,1,0,0,,,
Rajasthan,Jaisalmer,Suryagarh,Luxury Suite,Bed & breakfast,Room only,435891,16453,45,13,13,,,15500,,,,15500,,0,0,2,1,0,4000,0,16453,3046,2019-05-01T00:00:00,2019-06-30T00:00:00,1,15,0,0,0,0,0,0,0,1,0,0,0,0,0,,127,0,0,0,0,0,0,881,1,0,0,,closed for renovations,
Rajasthan,Nawalgarh,Grand Haveli,Deluxe Room,Bed & breakfast,Room only,435904,16461,10,13,13,,,2200,,,,2300,,0,0,2,1,0,1150,0,16461,3142,2019-04-01T00:00:00,2019-09-30T00:00:00,1,15,0,0,0,0,0,0,0,0,0,0,0,0,0,,127,0,0,0,0,0,0,,1,0,0,,,
Rajasthan,Bikaner,Heritage Resort,Deluxe Room,Bed & breakfast,Room only,435905,16462,10,13,13,,,2300,,,,2600,,0,0,2,1,0,1350,0,16462,3143,2019-04-01T00:00:00,2019-09-30T00:00:00,1,15,0,0,0,0,0,0,0,0,0,0,0,0,0,,127,0,0,0,0,0,0,10,1,0,0,,,
Rajasthan,Pushkar,Dera Masuda Luxury Resort,Deluxe Room,Bed & breakfast,Room only,435906,16464,10,13,13,,,2500,,,,2500,,0,0,2,1,0,1250,0,16464,3144,2019-04-01T00:00:00,2019-09-30T00:00:00,1,15,0,0,0,0,0,0,0,0,0,0,0,0,0,,127,0,0,0,0,0,0,10,1,0,0,,,
Rajasthan,Pushkar,Dera Masuda Luxury Resort,Deluxe Suite,Bed & breakfast,Room only,435907,16464,47,13,13,,,4500,,,,4500,,0,0,2,1,0,2000,0,16464,3144,2019-04-01T00:00:00,2019-09-30T00:00:00,1,15,0,0,0,0,0,0,0,0,0,0,0,0,0,,127,0,0,0,0,0,0,10,1,0,0,,,
Rajasthan,Pushkar,Dera Masuda Luxury Resort,Deluxe Room,Bed & breakfast,Room only,435919,16470,10,13,13,,,3000,,,,3500,,0,0,2,1,0,1750,0,16470,3144,2019-10-01T00:00:00,2020-03-31T00:00:00,1,15,0,0,0,0,0,0,0,0,0,0,0,0,0,,127,0,0,0,0,0,0,10,1,0,0,,,
Rajasthan,Pushkar,Dera Masuda Luxury Resort,Deluxe Suite,Bed & breakfast,Room only,435920,16470,47,13,13,,,6500,,,,6500,,0,0,2,1,0,2500,0,16470,3144,2019-10-01T00:00:00,2020-03-31T00:00:00,1,15,0,0,0,0,0,0,0,0,0,0,0,0,0,,127,0,0,0,0,0,0,10,1,0,0,,,
Rajasthan,Pushkar,Dera Masuda Luxury Resort,Deluxe Room,Fullboard,Room only,435921,16471,10,13,13,,,10000,,,,15000,,0,0,4,1,0,1750,0,16471,3144,2019-11-04T00:00:00,2019-11-10T00:00:00,1,15,0,0,0,0,0,0,0,0,0,0,0,0,0,,127,0,0,0,0,0,0,10,1,0,0,,,
Rajasthan,Pushkar,Dera Masuda Luxury Resort,Deluxe Suite,Fullboard,Room only,435922,16471,47,13,13,,,20000,,,,20000,,0,0,4,1,0,2500,0,16471,3144,2019-11-04T00:00:00,2019-11-10T00:00:00,1,15,0,0,0,0,0,0,0,0,0,0,0,0,0,,127,0,0,0,0,0,0,10,1,0,0,,,
Rajasthan,Pushkar,Dera Masuda Luxury Resort,Deluxe Room,Bed & breakfast,Room only,435923,16472,10,13,13,,,3000,,,,3500,,0,0,2,1,0,1750,0,16472,3144,2019-11-11T00:00:00,2020-03-31T00:00:00,1,15,0,0,0,0,0,0,0,0,0,0,0,0,0,,127,0,0,0,0,0,0,10,1,0,0,,Mandatory supplement:  Christmas- 2500 pp+taxes  New year- 3000 pp+taxes.,
Rajasthan,Pushkar,Dera Masuda Luxury Resort,Deluxe Suite,Bed & breakfast,Room only,435924,16472,47,13,13,,,6500,,,,6500,,0,0,2,1,0,2500,0,16472,3144,2019-11-11T00:00:00,2020-03-31T00:00:00,1,15,0,0,0,0,0,0,0,0,0,0,0,0,0,,127,0,0,0,0,0,0,10,1,0,0,,Mandatory supplement:  Christmas- 2500 pp+taxes  New year- 3000 pp+taxes.,
Madhya Pradesh,Bandhavgarh,Monsoon Forest,Cottage,Fullboard,Room only,435928,16475,14,13,13,,,5500,,,,6500,,0,0,4,1,0,2000,0,16475,3139,2019-10-01T00:00:00,2020-06-30T00:00:00,1,15,0,0,0,0,0,0,0,0,0,0,0,0,0,,127,0,0,0,0,0,0,15,0,0,0,,,
Maharashtra,Aurangabad,Hotel Amarpreet,Standard Room,Bed & breakfast,Room only,435931,16477,18,13,13,,,3550,4500,,,4500,5940,0,0,2,1,0,1300,1500,16477,2090,2019-10-01T00:00:00,2020-03-31T00:00:00,1,15,0,0,0,0,0,0,0,0,0,0,10,0,0,4,127,0,10,0,9,,1,18,1,0,0,,,
Maharashtra,Aurangabad,Hotel Amarpreet,Superior Room,Bed & breakfast,Room only,435932,16477,25,13,13,,,3650,5100,,,5100,6600,0,0,2,1,0,1300,1500,16477,2090,2019-10-01T00:00:00,2020-03-31T00:00:00,1,15,0,0,0,0,0,0,0,0,0,0,10,0,0,4,127,0,10,0,9,,1,18,1,0,0,,,
Rajasthan,Rohet,Mihirgarh,Mihir Suite,Bed & breakfast,Room only,435940,16483,705,13,13,,,28500,,,,28500,,0,0,2,1,0,3500,0,16483,2825,2019-04-01T00:00:00,2019-09-30T00:00:00,1,15,0,0,0,0,0,0,0,0,0,0,0,0,0,,127,0,10,0,8.7,0,0,706,1,0,0,,,
Rajasthan,Rohet,Mihirgarh,Alishan Suite,Bed & breakfast,Room only,435941,16483,706,13,13,,,20000,,,,23500,,0,0,2,1,0,3500,0,16483,2825,2019-04-01T00:00:00,2019-09-30T00:00:00,1,15,0,0,0,0,0,0,0,0,0,0,0,0,0,,127,0,10,0,8.7,0,0,706,1,0,0,,,
Rajasthan,Rohet,Mihirgarh,Shandaar Suite,Bed & breakfast,Room only,435942,16483,707,13,13,,,20000,,,,23500,,0,0,2,1,0,3500,0,16483,2825,2019-04-01T00:00:00,2019-09-30T00:00:00,1,15,0,0,0,0,0,0,0,0,0,0,0,0,0,,127,0,10,0,8.7,0,0,706,1,0,0,,,
Rajasthan,Pushkar,Pushkar Resort,Standard Cottage,Bed & breakfast,Room only,436059,16559,440,13,13,,,2800,,,,2800,,0,0,2,1,0,1200,0,16559,2209,2019-05-01T00:00:00,2019-09-30T00:00:00,1,15,0,,,0,0,0,0,0,,,,0,,,127,,,0,,,0,18,1,0,0,0,,
Uttarakhand,Corbett,The Riverview Retreat,Deluxe Room,Jungle Plan,Room only,436060,16560,10,13,13,,,16875,,,,18125,,1,0,7,1,0,6250,0,16560,2822,2019-10-01T00:00:00,2020-03-31T00:00:00,1,15,0,0,0,0,0,0,0,0,0,0,0,0,0,,127,0,0,0,0,0,0,10,1,0,0,,"Rates increased by 25% due to the blackout dates  29 sep to 02 oct,06 oct to 8 oct,10 nov to 12 nov,23-26 dec,30 dec to 2 jan,21-23 jan, 8-10 march.",
Uttarakhand,Corbett,The Riverview Retreat,Superior Room,Jungle Plan,Room only,436061,16560,25,13,13,,,18750,,,,20000,,1,0,7,1,0,6250,0,16560,2822,2019-10-01T00:00:00,2020-03-31T00:00:00,1,15,0,0,0,0,0,0,0,0,0,0,0,0,0,,127,0,0,0,0,0,0,10,1,0,0,,"Rates increased by 25% due to the blackout dates  29 sep to 02 oct,06 oct to 8 oct,10 nov to 12 nov,23-26 dec,30 dec to 2 jan,21-23 jan, 8-10 march.",
Rajasthan,Pushkar,Pushkar Resort,Standard Cottage,Bed & breakfast,Room only,436062,16561,440,13,13,,,3300,,,,3300,,0,0,2,1,0,1200,0,16561,2209,2019-10-01T00:00:00,2019-11-03T00:00:00,1,15,0,,,0,0,0,0,0,,,,0,,,127,,,0,,,0,18,1,0,0,0,Diwali supplement is applicable. Rates for the same is not finalized. min 2 night stay.,
Rajasthan,Pushkar,Pushkar Resort,Standard Cottage,Fullboard,Room only,436063,16562,440,13,13,,,11000,,,,11000,,0,0,4,1,0,,0,16562,2209,2019-11-04T00:00:00,2019-11-12T00:00:00,1,15,0,,,0,0,0,0,0,,,,0,,,127,,,0,,,0,18,1,0,0,0,Pushkar fair period,
Rajasthan,Pushkar,Pushkar Resort,Standard Cottage,Bed & breakfast,Room only,436064,16563,440,13,13,,,3300,,,,3300,,0,0,2,1,0,1200,0,16563,2209,2019-11-13T00:00:00,2020-03-31T00:00:00,1,15,0,,,0,0,0,0,0,,,,0,,,127,,,0,,,0,18,1,0,0,0,Xmas/New year supplement is applicable. Rates for the same is not finalized. min 2 night stay.,
Maharashtra,Mumbai,The Gordon House,Scandinavian Room,Bed & breakfast,Room only,436148,16602,843,13,13,,,5720,,,,5720,,0,0,2,1,0,1059,0,16602,2106,2019-07-16T00:00:00,2019-09-30T00:00:00,1,15,0,0,0,0,0,0,0,0,0,0,0,0,0,,127,0,0,0,0,0,0,842,1,0,0,,,
Rajasthan,Nimaj,Raas Chhatra Sagar,Luxury Tent,Bed & breakfast,Room only,436167,16616,39,13,13,29000,,,,29000,,,,0,0,2,1,0,3000,,16616,2199,2019-12-21T00:00:00,2020-01-05T00:00:00,1,15,0,,,10,0,0,0,0,,,,0,,,127,,,0,7.42,,0,78,0,0,0,,24th December: INR 4000 AI pp  31st December:INR 4000 AI pp,
Uttar Pradesh,Varanasi,Hotel Ramada Plaza JHV,Superior Room,Bed & breakfast,Room only,436342,16679,25,13,13,,,4300,,,,4800,,0,0,2,1,0,1700,0,16679,2622,2019-04-01T00:00:00,2019-09-30T00:00:00,1,15,0,2.58,,10,0,0,1,0,,,,0,,,127,,,0,,,0,25,1,0,,,,
Uttar Pradesh,Varanasi,Hotel Ramada Plaza JHV,Superior Room,Bed & breakfast,Room only,436343,16680,25,13,13,,,7000,,,,7000,,0,0,2,1,0,2000,0,16680,2622,2019-10-01T00:00:00,2019-11-10T00:00:00,1,15,0,2.58,,10,0,0,1,0,,,,0,,,127,,,0,,,0,25,1,0,,,,
Uttar Pradesh,Varanasi,Hotel Ramada Plaza JHV,Superior Room,Bed & breakfast,Room only,436344,16681,25,13,13,,,7000,,,,7000,,0,0,2,1,0,2000,0,16681,2622,2019-11-14T00:00:00,2020-03-31T00:00:00,1,15,0,2.58,,10,0,0,1,0,,,,0,,,127,,,0,,,0,25,1,0,,,,
Uttar Pradesh,Varanasi,Hotel Ramada Plaza JHV,Superior Room,Bed & breakfast,Room only,436345,16682,25,13,13,,,0,,,,0,,0,0,2,1,0,0,0,16682,2622,2019-11-11T00:00:00,2019-11-13T00:00:00,1,15,0,2.58,,10,0,0,1,0,,,,0,,,127,,,0,,,0,25,1,0,,,RAtes not given,
Kerala,Kovalam,Abad Harmonia Beach Resort,Deluxe Room,Bed & breakfast,Room only,436358,16692,10,13,13,,,3750,,,,3750,,1,0,2,1,0,1000,0,16692,2291,2019-10-01T00:00:00,2019-12-19T00:00:00,1,20,0,,,0,0,0,0,0,,,,0,,,127,,,0,,,1,10,1,0,,0,,
Kerala,Kovalam,Abad Harmonia Beach Resort,Deluxe Room,Bed & breakfast,Room only,436359,16693,10,13,13,,,3750,,,,3750,,1,0,2,1,0,1000,0,16693,2291,2020-01-11T00:00:00,2020-03-31T00:00:00,1,20,0,,,0,0,0,0,0,,,,0,,,127,,,0,,,1,10,1,0,,0,,
Kerala,Kovalam,Abad Harmonia Beach Resort,Deluxe Room,Bed & breakfast,Room only,436360,16694,10,13,13,,,4750,,,,4750,,1,0,2,1,0,2000,0,16694,2291,2019-12-20T00:00:00,2020-01-10T00:00:00,1,20,0,,,0,0,0,0,0,,,,0,,,127,,,0,,,1,10,1,0,,0,24/12: Rs 2000 pp  31/12: Rs 2500 pp,
Telangana,Hyderabad,Taj Krishna ,Deluxe Room,Room only,Room only,436371,16698,10,13,13,,,9000,,,,9000,,0,0,1,1,0,0,0,16698,806,2019-10-01T00:00:00,2019-12-31T00:00:00,1,15,0,0,0,0,0,0,0,0,0,,,0,0,,127,0,10,0,7.42,0,0,475,1,0,0,,,
Telangana,Hyderabad,Taj Krishna ,Taj Club Room,Bed & breakfast,Room only,436372,16698,475,13,13,,,13000,,,,13000,,0,0,2,1,0,0,0,16698,806,2019-10-01T00:00:00,2019-12-31T00:00:00,1,15,0,0,0,0,0,0,0,0,0,,,0,0,,127,0,10,0,7.42,0,0,475,1,0,0,,,
Telangana,Hyderabad,Taj Krishna ,Premier Room,Room only,Room only,436373,16698,507,13,13,,,11000,,,,11000,,0,0,1,1,0,0,0,16698,806,2019-10-01T00:00:00,2019-12-31T00:00:00,1,15,0,0,0,0,0,0,0,0,0,,,0,0,,127,0,10,0,7.42,0,0,475,1,0,0,,,
Tamil Nadu,Ootacamund,Savoy Hotel,Standard Room,Room only,Room only,436565,16763,18,13,13,,,8600,,,,8600,,0,0,1,1,0,,0,16763,840,2019-10-01T00:00:00,2019-12-31T00:00:00,1,15,0,,,0,0,0,0,0,,,,0,,,127,,12.5,0,7.42,,0,18,1,0,,,,
Tamil Nadu,Ootacamund,Savoy Hotel,Superior Room,Room only,Room only,436566,16763,25,13,13,,,9050,,,,9050,,0,0,1,1,0,,0,16763,840,2019-10-01T00:00:00,2019-12-31T00:00:00,1,15,0,,,0,0,0,0,0,,,,0,,,127,,12.5,0,7.42,,0,18,1,0,,,,
Pondicherry,Pondicherry,Maison Perumal,Deluxe Room,Bed & breakfast,Room only,436737,16829,10,13,13,,,9150,,,,9150,,1,0,2,1,0,2655,0,16829,2591,2019-10-01T00:00:00,2019-12-20T00:00:00,1,15,0,,,,0,0,0,0,,,,0,,,127,,,0,3.09,,0,82,,0,0,,,5
Pondicherry,Pondicherry,Maison Perumal,Deluxe Room,Bed & breakfast,Room only,436739,16830,10,13,13,,,9150,,,,9150,,1,0,2,1,0,2655,0,16830,2591,2020-01-11T00:00:00,2020-01-31T00:00:00,1,15,0,,,,0,0,0,0,,,,0,,,127,,,0,3.09,,0,82,,0,0,,,5
Pondicherry,Pondicherry,Maison Perumal,Deluxe Room,Bed & breakfast,Room only,436741,16831,10,13,13,,,9150,,,,9150,,1,0,2,1,0,2655,0,16831,2591,2020-03-01T00:00:00,2020-04-30T00:00:00,1,15,0,,,,0,0,0,0,,,,0,,,127,,,0,3.09,,0,82,,0,0,,,5
Pondicherry,Pondicherry,Maison Perumal,Deluxe Room,Bed & breakfast,Room only,436743,16832,10,13,13,,,11175,,,,11175,,1,0,2,1,0,2655,0,16832,2591,2019-12-21T00:00:00,2020-01-10T00:00:00,1,15,0,,,,0,0,0,0,,,,0,,,127,,,0,3.09,,0,82,,0,0,,Supplement cost for 31/12 is INR 7000 pp,5
Pondicherry,Pondicherry,Maison Perumal,Deluxe Room,Bed & breakfast,Room only,436745,16833,10,13,13,,,11175,,,,11175,,1,0,2,1,0,2655,0,16833,2591,2020-02-01T00:00:00,2020-02-29T00:00:00,1,15,0,,,,0,0,0,0,,,,0,,,127,,,0,3.09,,0,82,,0,0,,,5
Uttarakhand,Mussoorie,Padmini Nivas,Standard Room,Room only,Bed & breakfast,436756,16201,18,13,13,,3350,,,,3350,,,0,0,1,2,0,0,1500,16201,2421,2019-10-01T00:00:00,2019-10-05T00:00:00,1,15,0,,,10,0,0,0,0,,,,0,,,127,,5,1,,,0,10,0,0,,0,Rates may vary during long weekends,
Uttarakhand,Mussoorie,Padmini Nivas,Standard Room,Room only,Bed & breakfast,436757,16202,18,13,13,,3350,,,,3350,,,0,0,1,2,0,0,1500,16202,2421,2019-11-01T00:00:00,2019-12-23T00:00:00,1,15,0,,,10,0,0,0,0,,,,0,,,127,,5,1,,,0,10,0,0,,0,Rates may vary during long weekends,
Uttarakhand,Mussoorie,Padmini Nivas,Standard Room,Room only,Bed & breakfast,436758,16203,18,13,13,,3350,,,,3350,,,0,0,1,2,0,0,1500,16203,2421,2020-01-06T00:00:00,2020-03-31T00:00:00,1,15,0,,,10,0,0,0,0,,,,0,,,127,,5,1,,,0,10,0,0,,0,Rates may vary during long weekends,
Uttarakhand,Mussoorie,Padmini Nivas,Standard Room,Room only,Bed & breakfast,436759,16199,18,13,13,,4150,,,,4150,,,0,0,1,2,0,0,1500,16199,2421,2019-10-06T00:00:00,2019-10-31T00:00:00,1,15,0,,,10,0,0,0,0,,,,0,,,127,,5,1,,,0,10,0,0,,0,Rates may vary during long weekends,
Uttarakhand,Mussoorie,Padmini Nivas,Standard Room,Room only,Bed & breakfast,436760,16197,18,13,13,,5500,,,,5500,,,0,0,1,2,0,0,1500,16197,2421,2019-12-24T00:00:00,2020-01-05T00:00:00,1,15,0,,,10,0,0,0,0,,,,0,,,127,,5,1,,,0,10,0,0,,0,Rates may vary during long weekends,
Uttar Pradesh,Agra,The Oberoi Amarvilas,Premier Room,Room only,Room only,436785,16845,507,13,13,,,52000,,,,52000,,0,1,1,1,0,0,0,16845,1425,2020-01-04T00:00:00,2020-01-31T00:00:00,1,15,0,0,0,0,0,0,0,0,0,0,0,0,0,,127,0,0,0,0,0,0,507,1,0,0,,,
Maharashtra,Mumbai,The Taj Mahal Palace,Luxury Room,Room only,Room only,436869,15794,26,13,13,,,31500,,,,31500,,0,0,1,1,0,0,0,15794,711,2019-12-27T00:00:00,2019-12-31T00:00:00,1,15,0,,,0,0,0,0,0,,,,0,,,127,,10,0,9,18,0,26,1,0,,,No mandatory New Yeat's Eve Dinner,
Uttar Pradesh,Agra,ITC The Mughal,Mughal Room,Bed & breakfast,Room only,436871,16879,152,13,13,,,5225,,,,5225,,0,0,2,1,0,0,0,16879,1288,2020-04-08T00:00:00,2020-04-10T00:00:00,1,15,0,,,0,0,0,0,0,,,,0,,,127,,,0,,,0,152,1,0,,0,booking purpose online rate,
Uttar Pradesh,Agra,Homsa Homestay,Standard Room,Bed & breakfast,Bed & breakfast,436938,16902,18,13,13,,,2850,,,,2850,,1,0,2,2,0,0,0,16902,3181,2020-01-06T00:00:00,2020-01-09T00:00:00,1,15,0,0,0,0,0,0,0,0,0,0,0,0,0,,127,0,0,0,0,0,0,18,1,0,0,,Rates only for booking on 07/01/2020.,5
Haryana,Gurgaon,The Oberoi,Deluxe Room,Bed & breakfast,Room only,436949,16904,10,13,13,18000,,,,18000,,,,0,0,2,1,0,0,0,16904,2609,2019-10-01T00:00:00,2020-04-15T00:00:00,1,15,0,0,0,10,0,0,0,0,0,0,0,0,0,,127,0,0,0,0,0,0,10,1,0,0,,Day Use: Rs 10000/- (Deluxe room)  50% adv payment at the time of booking.,
Haryana,Gurgaon,The Oberoi,Luxury Room,Bed & breakfast,Room only,436950,16904,26,13,13,19000,,,,19000,,,,0,0,2,1,0,0,0,16904,2609,2019-10-01T00:00:00,2020-04-15T00:00:00,1,15,0,0,0,10,0,0,0,0,0,0,0,0,0,,127,0,0,0,0,0,0,10,1,0,0,,Day Use: Rs 10000/- (Deluxe room)  50% adv payment at the time of booking.,
Haryana,Gurgaon,The Oberoi,Premier Room,Bed & breakfast,Room only,436951,16904,507,13,13,21000,,,,21000,,,,0,0,2,1,0,0,0,16904,2609,2019-10-01T00:00:00,2020-04-15T00:00:00,1,15,0,0,0,10,0,0,0,0,0,0,0,0,0,,127,0,0,0,0,0,0,10,1,0,0,,Day Use: Rs 10000/- (Deluxe room)  50% adv payment at the time of booking.,
Haryana,Gurgaon,The Oberoi,Deluxe Room,Bed & breakfast,Room only,436952,16906,10,13,13,12000,,,,12000,,,,0,0,2,1,0,0,0,16906,2609,2020-04-16T00:00:00,2020-09-30T00:00:00,1,15,0,0,0,10,0,0,0,0,0,0,0,0,0,,127,0,0,0,0,0,0,10,1,0,0,,Day Use: Rs 8000/- (Deluxe room)  50% adv payment at the time of booking.,
Haryana,Gurgaon,The Oberoi,Luxury Room,Bed & breakfast,Room only,436953,16906,26,13,13,13000,,,,13000,,,,0,0,2,1,0,0,0,16906,2609,2020-04-16T00:00:00,2020-09-30T00:00:00,1,15,0,0,0,10,0,0,0,0,0,0,0,0,0,,127,0,0,0,0,0,0,10,1,0,0,,Day Use: Rs 8000/- (Deluxe room)  50% adv payment at the time of booking.,
Haryana,Gurgaon,The Oberoi,Premier Room,Bed & breakfast,Room only,436954,16906,507,13,13,15000,,,,15000,,,,0,0,2,1,0,0,0,16906,2609,2020-04-16T00:00:00,2020-09-30T00:00:00,1,15,0,0,0,10,0,0,0,0,0,0,0,0,0,,127,0,0,0,0,0,0,10,1,0,0,,Day Use: Rs 8000/- (Deluxe room)  50% adv payment at the time of booking.,
Kerala,Tellicherry,Ayisha Manzil,Standard Room,Fullboard,Room only,436955,16907,18,13,13,10000,,,16500,11500,,,16500,0,0,4,1,0,4000,0,16907,2336,2020-01-16T00:00:00,2020-01-18T00:00:00,1,4,0,,,10,0,0,0,0,,,,0,,,127,,,0,7.42,,0,18,0,0,,,,
Kerala,Padanna,Oyster Opera,Shrimp Room,Room only,Bed & breakfast,436957,16909,514,13,13,,3800,,5000,,3800,,5000,0,0,1,2,0,0,700,16909,2588,2020-01-17T00:00:00,2020-01-20T00:00:00,1,15,0,,,10,0,0,0,0,,,,0,,,127,,,0,,,0,514,0,0,,,,
Madhya Pradesh,Orchha,Orchha Resort,Standard Room,Bed & breakfast,Room only,437002,16925,18,13,13,,,4200,,,,4200,,1,0,2,1,0,950,0,16925,2466,2020-02-25T00:00:00,2020-02-27T00:00:00,1,15,0,,,0,0,0,0,0,,,,0,,,127,,,0,9,,0,18,1,0,,,booking purpose,5
Tamil Nadu,Chennai,Taj Coromandel,Luxury Room,Room only,Room only,437060,16937,26,13,13,,,8000,,,,8000,,0,0,1,1,0,0,0,16937,816,2020-01-05T00:00:00,2020-01-31T00:00:00,1,15,0,0,0,,0,0,0,0,50,10,15,0,0,1,127,0,10,0,7.42,0,0,26,1,0,0,,,
Tamil Nadu,Chennai,Taj Coromandel,Grand Luxury Suite,Room only,Room only,437061,16937,201,13,13,,,9200,,,,9200,,0,0,1,1,0,0,0,16937,816,2020-01-05T00:00:00,2020-01-31T00:00:00,1,15,0,0,0,,0,0,0,0,50,10,15,0,0,1,127,0,10,0,7.42,0,0,26,1,0,0,,,
Tamil Nadu,Chennai,Taj Coromandel,Taj Club Room,Room only,Room only,437062,16937,475,13,13,,,13700,,,,13700,,0,0,1,1,0,0,0,16937,816,2020-01-05T00:00:00,2020-01-31T00:00:00,1,15,0,0,0,,0,0,0,0,50,10,15,0,0,1,127,0,10,0,7.42,0,0,26,1,0,0,,,
Tamil Nadu,Chennai,Taj Coromandel,Luxury Room,Room only,Room only,437063,16938,26,13,13,,,8000,,,,8000,,0,0,1,1,0,0,0,16938,816,2020-03-01T00:00:00,2020-04-15T00:00:00,1,15,0,0,0,,0,0,0,0,,,,0,0,1,127,0,10,0,7.42,0,0,26,1,0,0,,,
Tamil Nadu,Chennai,Taj Coromandel,Grand Luxury Suite,Room only,Room only,437064,16938,201,13,13,,,9200,,,,9200,,0,0,1,1,0,0,0,16938,816,2020-03-01T00:00:00,2020-04-15T00:00:00,1,15,0,0,0,,0,0,0,0,,,,0,0,1,127,0,10,0,7.42,0,0,26,1,0,0,,,
Tamil Nadu,Chennai,Taj Coromandel,Taj Club Room,Room only,Room only,437065,16938,475,13,13,,,13700,,,,13700,,0,0,1,1,0,0,0,16938,816,2020-03-01T00:00:00,2020-04-15T00:00:00,1,15,0,0,0,,0,0,0,0,,,,0,0,1,127,0,10,0,7.42,0,0,26,1,0,0,,,
Tamil Nadu,Chennai,Taj Coromandel,Luxury Room,Room only,Room only,437066,16939,26,13,13,,,8500,,,,8500,,0,0,1,1,0,0,0,16939,816,2020-02-01T00:00:00,2020-02-29T00:00:00,1,15,0,0,0,,0,0,0,0,,,,0,0,1,127,0,10,0,7.42,0,0,26,1,0,0,,,
Tamil Nadu,Chennai,Taj Coromandel,Grand Luxury Suite,Room only,Room only,437067,16939,201,13,13,,,10000,,,,10000,,0,0,1,1,0,0,0,16939,816,2020-02-01T00:00:00,2020-02-29T00:00:00,1,15,0,0,0,,0,0,0,0,,,,0,0,1,127,0,10,0,7.42,0,0,26,1,0,0,,,
Tamil Nadu,Chennai,Taj Coromandel,Taj Club Room,Room only,Room only,437068,16939,475,13,13,,,14700,,,,14700,,0,0,1,1,0,0,0,16939,816,2020-02-01T00:00:00,2020-02-29T00:00:00,1,15,0,0,0,,0,0,0,0,,,,0,0,1,127,0,10,0,7.42,0,0,26,1,0,0,,,
Tamil Nadu,Chennai,Taj Coromandel,Luxury Room,Room only,Room only,437069,16940,26,13,13,,,6800,,,,6800,,0,0,1,1,0,0,0,16940,816,2020-04-16T00:00:00,2020-09-30T00:00:00,1,15,0,0,0,,0,0,0,0,,,,0,0,1,127,0,10,0,7.42,0,0,26,1,0,0,,,
Tamil Nadu,Chennai,Taj Coromandel,Grand Luxury Suite,Room only,Room only,437070,16940,201,13,13,,,8000,,,,8000,,0,0,1,1,0,0,0,16940,816,2020-04-16T00:00:00,2020-09-30T00:00:00,1,15,0,0,0,,0,0,0,0,,,,0,0,1,127,0,10,0,7.42,0,0,26,1,0,0,,,
Tamil Nadu,Chennai,Taj Coromandel,Taj Club Room,Room only,Room only,437071,16940,475,13,13,,,12500,,,,12500,,0,0,1,1,0,0,0,16940,816,2020-04-16T00:00:00,2020-09-30T00:00:00,1,15,0,0,0,,0,0,0,0,,,,0,0,1,127,0,10,0,7.42,0,0,26,1,0,0,,,
Tamil Nadu,Chennai,Taj Coromandel,Luxury Room,Room only,Room only,437072,16941,26,13,13,,,8000,,,,8000,,0,0,1,1,0,0,0,16941,816,2020-10-01T00:00:00,2020-12-31T00:00:00,1,15,0,0,0,,0,0,0,0,,,,0,0,1,127,0,10,0,7.42,0,0,26,1,0,0,,,
Tamil Nadu,Chennai,Taj Coromandel,Grand Luxury Suite,Room only,Room only,437073,16941,201,13,13,,,9200,,,,9200,,0,0,1,1,0,0,0,16941,816,2020-10-01T00:00:00,2020-12-31T00:00:00,1,15,0,0,0,,0,0,0,0,,,,0,0,1,127,0,10,0,7.42,0,0,26,1,0,0,,,
Tamil Nadu,Chennai,Taj Coromandel,Taj Club Room,Room only,Room only,437074,16941,475,13,13,,,13700,,,,13700,,0,0,1,1,0,0,0,16941,816,2020-10-01T00:00:00,2020-12-31T00:00:00,1,15,0,0,0,,0,0,0,0,,,,0,0,1,127,0,10,0,7.42,0,0,26,1,0,0,,,
Uttar Pradesh,Agra,The Oberoi Amarvilas,Premier Room,Room only,Room only,437407,17079,507,13,13,,,57000,,,,57000,,0,1,1,1,0,0,0,17079,1425,2020-02-01T00:00:00,2020-02-29T00:00:00,1,15,0,0,0,0,0,0,0,0,0,0,0,0,0,,127,0,0,0,0,0,0,507,1,0,0,,,
Uttar Pradesh,Agra,The Oberoi Amarvilas,Premier Room,Room only,Room only,437408,17080,507,13,13,,,52000,,,,52000,,0,1,1,1,0,26000,0,17080,1425,2020-03-01T00:00:00,2020-04-15T00:00:00,1,15,0,0,0,0,0,0,0,0,0,0,0,0,0,,127,0,0,0,0,0,0,507,1,0,0,,Extra bed provided for children below 12 yrs only,
Uttar Pradesh,Agra,The Oberoi Amarvilas,Premier Room,Room only,Room only,437409,17081,507,13,13,,,28000,,,,28000,,0,1,1,1,0,14000,0,17081,1425,2020-04-16T00:00:00,2020-09-30T00:00:00,1,15,0,0,0,0,0,0,0,0,0,0,0,0,0,,127,0,0,0,0,0,0,507,1,0,0,,Extra bed provided for children below 12 yrs only,
Rajasthan,Sawai Madhopur,The Oberoi Vanyavilas,Luxury Tent,Room only,Room only,437410,17082,39,13,13,,,28000,,,,28000,,0,0,1,1,0,14000,0,17082,2611,2020-04-16T00:00:00,2020-09-30T00:00:00,1,15,0,0,0,0,0,0,0,0,0,0,0,0,0,,127,0,0,0,0,0,0,39,1,0,0,,Extra bed provided for children below 12 yrs only,
Rajasthan,Sawai Madhopur,The Oberoi Vanyavilas,Luxury Tent,Room only,Room only,437411,17083,39,13,13,,,51000,,,,51000,,0,0,1,1,0,25500,0,17083,2611,2020-03-01T00:00:00,2020-04-15T00:00:00,1,15,0,0,0,0,0,0,0,0,0,0,0,0,0,,127,0,0,0,0,0,0,39,1,0,0,,Extra bed provided for children below 12 yrs only,
Rajasthan,Sawai Madhopur,The Oberoi Vanyavilas,Luxury Tent,Room only,Room only,437412,17084,39,13,13,,,51000,,,,51000,,0,0,1,1,0,0,0,17084,2611,2020-01-04T00:00:00,2020-01-31T00:00:00,1,15,0,0,0,0,0,0,0,0,0,0,0,0,0,,127,0,0,0,0,0,0,39,1,0,0,,,
Rajasthan,Sawai Madhopur,The Oberoi Vanyavilas,Luxury Tent,Room only,Room only,437413,17085,39,13,13,,,56000,,,,56000,,0,0,1,1,0,0,0,17085,2611,2020-02-01T00:00:00,2020-02-29T00:00:00,1,15,0,0,0,0,0,0,0,0,0,0,0,0,0,,127,0,0,0,0,0,0,39,1,0,0,,,
Kerala,Kochi,Rain Tree,Superior Room,Bed & breakfast,Bed & breakfast,437434,17098,25,13,13,,,,8950,,,,8950,0,0,2,2,0,0,2800,17098,2456,2020-04-01T00:00:00,2020-09-30T00:00:00,1,10,0,,,20,0,0,0,0,,,,0,,,127,,12,0,7.42,,0,18,1,0,,,,
Kerala,Kochi,Rain Tree,Garden View Room,Bed & breakfast,Bed & breakfast,437435,17098,36,13,13,,,,9700,,,,9700,0,0,2,2,0,0,2800,17098,2456,2020-04-01T00:00:00,2020-09-30T00:00:00,1,10,0,,,20,0,0,0,0,,,,0,,,127,,12,0,7.42,,0,18,1,0,,,,
Kerala,Kochi,Rain Tree,Garden Cottage,Bed & breakfast,Bed & breakfast,437436,17098,394,13,13,,,,11050,,,,11050,0,0,2,2,0,0,2800,17098,2456,2020-04-01T00:00:00,2020-09-30T00:00:00,1,10,0,,,20,0,0,0,0,,,,0,,,127,,12,0,7.42,,0,18,1,0,,,,
Kerala,Kochi,Rain Tree,Suite,Room only,Bed & breakfast,437437,17098,9,13,13,,,,12300,,,,12300,0,0,1,2,0,0,2800,17098,2456,2020-04-01T00:00:00,2020-09-30T00:00:00,1,10,0,,,20,0,0,0,0,,,,0,,,127,,12,0,7.42,,0,18,1,0,,,,
Kerala,Kochi,Rain Tree,Superior Room,Bed & breakfast,Bed & breakfast,437438,17099,25,13,13,,,,14690,,,,14690,0,0,2,2,0,0,3600,17099,2456,2020-10-01T00:00:00,2020-12-19T00:00:00,1,10,0,,,20,0,0,0,0,,,,0,,,127,,12,0,7.42,,0,18,1,0,,,,
Kerala,Kochi,Rain Tree,Garden View Room,Bed & breakfast,Bed & breakfast,437439,17099,36,13,13,,,,18100,,,,18100,0,0,2,2,0,0,3600,17099,2456,2020-10-01T00:00:00,2020-12-19T00:00:00,1,10,0,,,20,0,0,0,0,,,,0,,,127,,12,0,7.42,,0,18,1,0,,,,
Kerala,Kochi,Rain Tree,Garden Cottage,Bed & breakfast,Bed & breakfast,437440,17099,394,13,13,,,,19300,,,,19300,0,0,2,2,0,0,3600,17099,2456,2020-10-01T00:00:00,2020-12-19T00:00:00,1,10,0,,,20,0,0,0,0,,,,0,,,127,,12,0,7.42,,0,18,1,0,,,,
Kerala,Kochi,Rain Tree,Suite,Room only,Bed & breakfast,437441,17099,9,13,13,,,,25250,,,,25250,0,0,1,2,0,0,3600,17099,2456,2020-10-01T00:00:00,2020-12-19T00:00:00,1,10,0,,,20,0,0,0,0,,,,0,,,127,,12,0,7.42,,0,18,1,0,,,,
Kerala,Kochi,Rain Tree,Superior Room,Bed & breakfast,Bed & breakfast,437442,17100,25,13,13,,,,16159,,,,16159,0,0,2,2,0,0,3960,17100,2456,2020-12-20T00:00:00,2021-01-10T00:00:00,1,10,0,,,20,0,0,0,0,,,,0,,,127,,12,0,7.42,,0,18,1,0,,,"24th Dec eve Chirstman eve dinner is mandatory with the room booking , nett is Rs 5500/- per person all inclusive    31st dec eve new year eve dinner is mandatory basis Rs 2250/- per dinner     three rooms and above are sold only on MAPAI basis and cost per person is Rs 2250/- per dinner",
Kerala,Kochi,Rain Tree,Garden View Room,Bed & breakfast,Bed & breakfast,437443,17100,36,13,13,,,,19910,,,,19910,0,0,2,2,0,0,3960,17100,2456,2020-12-20T00:00:00,2021-01-10T00:00:00,1,10,0,,,20,0,0,0,0,,,,0,,,127,,12,0,7.42,,0,18,1,0,,,"24th Dec eve Chirstman eve dinner is mandatory with the room booking , nett is Rs 5500/- per person all inclusive    31st dec eve new year eve dinner is mandatory basis Rs 2250/- per dinner     three rooms and above are sold only on MAPAI basis and cost per person is Rs 2250/- per dinner",
Kerala,Kochi,Rain Tree,Garden Cottage,Bed & breakfast,Bed & breakfast,437444,17100,394,13,13,,,,21230,,,,21230,0,0,2,2,0,0,3960,17100,2456,2020-12-20T00:00:00,2021-01-10T00:00:00,1,10,0,,,20,0,0,0,0,,,,0,,,127,,12,0,7.42,,0,18,1,0,,,"24th Dec eve Chirstman eve dinner is mandatory with the room booking , nett is Rs 5500/- per person all inclusive    31st dec eve new year eve dinner is mandatory basis Rs 2250/- per dinner     three rooms and above are sold only on MAPAI basis and cost per person is Rs 2250/- per dinner",
Kerala,Kochi,Rain Tree,Suite,Room only,Bed & breakfast,437445,17100,9,13,13,,,,27775,,,,27775,0,0,1,2,0,0,3960,17100,2456,2020-12-20T00:00:00,2021-01-10T00:00:00,1,10,0,,,20,0,0,0,0,,,,0,,,127,,12,0,7.42,,0,18,1,0,,,"24th Dec eve Chirstman eve dinner is mandatory with the room booking , nett is Rs 5500/- per person all inclusive    31st dec eve new year eve dinner is mandatory basis Rs 2250/- per dinner     three rooms and above are sold only on MAPAI basis and cost per person is Rs 2250/- per dinner",
Kerala,Kochi,Rain Tree,Superior Room,Bed & breakfast,Bed & breakfast,437446,17101,25,13,13,,,,14690,,,,14690,0,0,2,2,0,0,3600,17101,2456,2021-01-11T00:00:00,2021-04-10T00:00:00,1,10,0,,,20,0,0,0,0,,,,0,,,127,,12,0,7.42,,0,18,1,0,,,,
Kerala,Kochi,Rain Tree,Garden View Room,Bed & breakfast,Bed & breakfast,437447,17101,36,13,13,,,,18100,,,,18100,0,0,2,2,0,0,3600,17101,2456,2021-01-11T00:00:00,2021-04-10T00:00:00,1,10,0,,,20,0,0,0,0,,,,0,,,127,,12,0,7.42,,0,18,1,0,,,,
Kerala,Kochi,Rain Tree,Garden Cottage,Bed & breakfast,Bed & breakfast,437448,17101,394,13,13,,,,19300,,,,19300,0,0,2,2,0,0,3600,17101,2456,2021-01-11T00:00:00,2021-04-10T00:00:00,1,10,0,,,20,0,0,0,0,,,,0,,,127,,12,0,7.42,,0,18,1,0,,,,
Kerala,Kochi,Rain Tree,Suite,Room only,Bed & breakfast,437449,17101,9,13,13,,,,25250,,,,25250,0,0,1,2,0,0,3600,17101,2456,2021-01-11T00:00:00,2021-04-10T00:00:00,1,10,0,,,20,0,0,0,0,,,,0,,,127,,12,0,7.42,,0,18,1,0,,,,
Karnataka,Bangalore,Hotel Ivory Tower ,Ivory Suite,Room only,Bed & breakfast,437596,17167,127,13,13,,,,,,,,3920,0,0,1,2,0,0,600,17167,1011,2020-03-02T00:00:00,2020-03-03T00:00:00,1,15,0,,,20,0,0,0,0,,,,0,,,127,,12,1,7.42,13.5,0,127,1,0,,,Just for FAM TRIP PURPOSE,
Karnataka,Bangalore,Hotel Ivory Tower ,Grand Master Suite,Room only,Bed & breakfast,437597,17167,128,13,13,,,,,,,,,0,0,1,2,0,0,600,17167,1011,2020-03-02T00:00:00,2020-03-03T00:00:00,1,15,0,,,20,0,0,0,0,,,,0,,,127,,12,1,7.42,13.5,0,127,1,0,,,Just for FAM TRIP PURPOSE,
Rajasthan,Narlai,Rawla Narlai,Junior Suite,Bed & breakfast,Room only,437871,17266,157,13,13,,,18000,,,,18000,,0,0,2,1,0,1650,0,17266,404,2020-04-01T00:00:00,2020-09-30T00:00:00,1,10,0,0,0,,0,0,0,0,,,,0,500,,127,0,,0,,,0,553,1,0,0,,,
Rajasthan,Narlai,Rawla Narlai,Narlai Suite,Bed & breakfast,Room only,437872,17266,667,13,13,,,27000,,,,27000,,0,0,2,1,0,1650,0,17266,404,2020-04-01T00:00:00,2020-09-30T00:00:00,1,10,0,0,0,,0,0,0,0,,,,0,500,,127,0,,0,,,0,553,1,0,0,,,
Nagaland,Mon,Vinngoi Resort,Cottage,Room only,Bed & breakfast,437947,17285,14,13,13,,0,,,,0,,,0,0,1,2,0,0,0,17285,2946,2019-12-01T00:00:00,2020-01-31T00:00:00,1,15,0,0,0,0,0,0,0,0,0,0,0,0,0,,127,0,0,0,0,0,0,14,0,0,0,,Booking purpose only,
Madhya Pradesh,Dhar,Jhira Bagh Palace,Deluxe Suite,Room only,Room only,437986,17307,47,13,25,,,,225,,,,225,0,0,1,1,0,0,60,17307,1375,2021-01-05T00:00:00,2021-01-08T00:00:00,1,15,0,,0,12,0,0,0,0,0,0,0,0,22,,127,0,10,1,7.42,,0,10,1,0,0,,TDS 5% applicable,
Madhya Pradesh,Dhar,Jhira Bagh Palace,Deluxe Room,Room only,Room only,437987,17307,10,13,25,,,,160,,,,200,0,0,1,1,0,0,60,17307,1375,2021-01-05T00:00:00,2021-01-08T00:00:00,1,15,0,,0,12,0,0,0,0,0,0,0,0,22,,127,0,10,1,7.42,,0,10,1,0,0,,TDS 5% applicable,
Madhya Pradesh,Dhar,Jhira Bagh Palace,Super Deluxe Suite,Room only,Room only,437988,17307,154,13,25,,,,250,,,,250,0,0,1,1,0,0,60,17307,1375,2021-01-05T00:00:00,2021-01-08T00:00:00,1,15,0,,0,12,0,0,0,0,0,0,0,0,22,,127,0,10,1,7.42,,0,10,1,0,0,,TDS 5% applicable,
Madhya Pradesh,Dhar,Jhira Bagh Palace,Maharani Suite,Room only,Room only,437989,17307,74,13,25,,,,275,,,,275,0,0,1,1,0,0,60,17307,1375,2021-01-05T00:00:00,2021-01-08T00:00:00,1,15,0,,0,12,0,0,0,0,0,0,0,0,22,,127,0,10,1,7.42,,0,10,1,0,0,,TDS 5% applicable,
Rajasthan,Nimaj,Raas Chhatra Sagar,Luxury Tent,Bed & breakfast,Room only,438058,17328,39,13,13,26000,,,,26000,,,,0,0,2,1,0,3000,,17328,2199,2020-11-01T00:00:00,2020-12-20T00:00:00,1,15,0,,,10,0,0,0,0,,,,0,,,127,,,0,7.42,,0,78,0,0,0,,,
Rajasthan,Nimaj,Raas Chhatra Sagar,Luxury Tent,Bed & breakfast,Room only,438059,17329,39,13,13,29000,,,,29000,,,,0,0,2,1,0,3000,,17329,2199,2020-12-21T00:00:00,2021-01-05T00:00:00,1,15,0,,,10,0,0,0,0,,,,0,,,127,,,0,7.42,,0,78,0,0,0,,24th December: INR 4000 AI pp  31st December:INR 4000 AI pp,
Tamil Nadu,Mamallapuram,Taj Fisherman's Cove Resort & Spa,Garden Deluxe Room,Room only,Room only,438119,17353,109,13,13,,,8500,,,,8500,,0,0,1,1,0,0,0,17353,829,2020-02-18T00:00:00,2020-04-15T00:00:00,1,15,0,0,0,,0,0,0,0,,,,0,0,2,127,0,12,0,8.4,18,0,109,1,0,0,,,
Tamil Nadu,Mamallapuram,Taj Fisherman's Cove Resort & Spa,Deluxe Sea View Room,Room only,Room only,438120,17353,236,13,13,,,10200,,,,10200,,0,0,1,1,0,0,0,17353,829,2020-02-18T00:00:00,2020-04-15T00:00:00,1,15,0,0,0,,0,0,0,0,,,,0,0,2,127,0,12,0,8.4,18,0,109,1,0,0,,,
Tamil Nadu,Mamallapuram,Taj Fisherman's Cove Resort & Spa,Premium Cottage Garden View,Room only,Room only,438121,17353,381,13,13,,,14000,,,,14000,,0,0,1,1,0,0,0,17353,829,2020-02-18T00:00:00,2020-04-15T00:00:00,1,15,0,0,0,,0,0,0,0,,,,0,0,2,127,0,12,0,8.4,18,0,109,1,0,0,,,
Tamil Nadu,Mamallapuram,Taj Fisherman's Cove Resort & Spa,Premium Sea View Cottage,Room only,Room only,438122,17353,718,13,13,,,16200,,,,16200,,0,0,1,1,0,0,0,17353,829,2020-02-18T00:00:00,2020-04-15T00:00:00,1,15,0,0,0,,0,0,0,0,,,,0,0,2,127,0,12,0,8.4,18,0,109,1,0,0,,,
Tamil Nadu,Mamallapuram,Taj Fisherman's Cove Resort & Spa,Premium Villa,Room only,Room only,438123,17353,954,13,13,,,18300,,,,18300,,0,0,1,1,0,0,0,17353,829,2020-02-18T00:00:00,2020-04-15T00:00:00,1,15,0,0,0,,0,0,0,0,,,,0,0,2,127,0,12,0,8.4,18,0,109,1,0,0,,,
Tamil Nadu,Mamallapuram,Taj Fisherman's Cove Resort & Spa,Garden Deluxe Room,Room only,Room only,438124,17354,109,13,13,,,8250,,,,8250,,0,0,1,1,0,0,0,17354,829,2020-04-16T00:00:00,2020-09-30T00:00:00,1,15,0,0,0,,0,0,0,0,50,10,15,0,0,2,127,0,12,0,8.4,18,0,109,1,0,0,,,
Tamil Nadu,Mamallapuram,Taj Fisherman's Cove Resort & Spa,Deluxe Sea View Room,Room only,Room only,438125,17354,236,13,13,,,9990,,,,9990,,0,0,1,1,0,0,0,17354,829,2020-04-16T00:00:00,2020-09-30T00:00:00,1,15,0,0,0,,0,0,0,0,50,10,15,0,0,2,127,0,12,0,8.4,18,0,109,1,0,0,,,
Tamil Nadu,Mamallapuram,Taj Fisherman's Cove Resort & Spa,Premium Cottage Garden View,Room only,Room only,438126,17354,381,13,13,,,13700,,,,13700,,0,0,1,1,0,0,0,17354,829,2020-04-16T00:00:00,2020-09-30T00:00:00,1,15,0,0,0,,0,0,0,0,50,10,15,0,0,2,127,0,12,0,8.4,18,0,109,1,0,0,,,
Tamil Nadu,Mamallapuram,Taj Fisherman's Cove Resort & Spa,Premium Sea View Cottage,Room only,Room only,438127,17354,718,13,13,,,15900,,,,15900,,0,0,1,1,0,0,0,17354,829,2020-04-16T00:00:00,2020-09-30T00:00:00,1,15,0,0,0,,0,0,0,0,50,10,15,0,0,2,127,0,12,0,8.4,18,0,109,1,0,0,,,
Tamil Nadu,Mamallapuram,Taj Fisherman's Cove Resort & Spa,Premium Villa,Room only,Room only,438128,17354,954,13,13,,,18000,,,,18000,,0,0,1,1,0,0,0,17354,829,2020-04-16T00:00:00,2020-09-30T00:00:00,1,15,0,0,0,,0,0,0,0,50,10,15,0,0,2,127,0,12,0,8.4,18,0,109,1,0,0,,,
Tamil Nadu,Mamallapuram,Taj Fisherman's Cove Resort & Spa,Garden Deluxe Room,Room only,Room only,438129,17355,109,13,13,,,9000,,,,9000,,0,0,1,1,0,0,0,17355,829,2020-10-01T00:00:00,2020-12-21T00:00:00,1,15,0,0,0,,0,0,0,0,,,,0,0,2,127,0,12,0,8.4,18,0,109,1,0,0,,,
Tamil Nadu,Mamallapuram,Taj Fisherman's Cove Resort & Spa,Deluxe Sea View Room,Room only,Room only,438130,17355,236,13,13,,,10700,,,,10700,,0,0,1,1,0,0,0,17355,829,2020-10-01T00:00:00,2020-12-21T00:00:00,1,15,0,0,0,,0,0,0,0,,,,0,0,2,127,0,12,0,8.4,18,0,109,1,0,0,,,
Tamil Nadu,Mamallapuram,Taj Fisherman's Cove Resort & Spa,Premium Cottage Garden View,Room only,Room only,438131,17355,381,13,13,,,14700,,,,14700,,0,0,1,1,0,0,0,17355,829,2020-10-01T00:00:00,2020-12-21T00:00:00,1,15,0,0,0,,0,0,0,0,,,,0,0,2,127,0,12,0,8.4,18,0,109,1,0,0,,,
Tamil Nadu,Mamallapuram,Taj Fisherman's Cove Resort & Spa,Premium Sea View Cottage,Room only,Room only,438132,17355,718,13,13,,,17000,,,,17000,,0,0,1,1,0,0,0,17355,829,2020-10-01T00:00:00,2020-12-21T00:00:00,1,15,0,0,0,,0,0,0,0,,,,0,0,2,127,0,12,0,8.4,18,0,109,1,0,0,,,
Tamil Nadu,Mamallapuram,Taj Fisherman's Cove Resort & Spa,Premium Villa,Room only,Room only,438133,17355,954,13,13,,,19200,,,,19200,,0,0,1,1,0,0,0,17355,829,2020-10-01T00:00:00,2020-12-21T00:00:00,1,15,0,0,0,,0,0,0,0,,,,0,0,2,127,0,12,0,8.4,18,0,109,1,0,0,,,
Tamil Nadu,Mamallapuram,Taj Fisherman's Cove Resort & Spa,Garden Deluxe Room,Room only,Room only,438134,17356,109,13,13,,,14000,,,,14000,,0,0,1,1,0,0,0,17356,829,2020-12-22T00:00:00,2020-12-31T00:00:00,1,15,0,0,0,,0,0,0,0,,,,0,0,2,127,0,12,0,8.4,18,0,109,1,0,0,,Mandatory Dinner on 31/12: INR 7000 per person,
Tamil Nadu,Mamallapuram,Taj Fisherman's Cove Resort & Spa,Deluxe Sea View Room,Room only,Room only,438135,17356,236,13,13,,,15700,,,,15700,,0,0,1,1,0,0,0,17356,829,2020-12-22T00:00:00,2020-12-31T00:00:00,1,15,0,0,0,,0,0,0,0,,,,0,0,2,127,0,12,0,8.4,18,0,109,1,0,0,,Mandatory Dinner on 31/12: INR 7000 per person,
Tamil Nadu,Mamallapuram,Taj Fisherman's Cove Resort & Spa,Premium Cottage Garden View,Room only,Room only,438136,17356,381,13,13,,,19700,,,,19700,,0,0,1,1,0,0,0,17356,829,2020-12-22T00:00:00,2020-12-31T00:00:00,1,15,0,0,0,,0,0,0,0,,,,0,0,2,127,0,12,0,8.4,18,0,109,1,0,0,,Mandatory Dinner on 31/12: INR 7000 per person,
Tamil Nadu,Mamallapuram,Taj Fisherman's Cove Resort & Spa,Premium Sea View Cottage,Room only,Room only,438137,17356,718,13,13,,,22000,,,,22000,,0,0,1,1,0,0,0,17356,829,2020-12-22T00:00:00,2020-12-31T00:00:00,1,15,0,0,0,,0,0,0,0,,,,0,0,2,127,0,12,0,8.4,18,0,109,1,0,0,,Mandatory Dinner on 31/12: INR 7000 per person,
Tamil Nadu,Mamallapuram,Taj Fisherman's Cove Resort & Spa,Premium Villa,Room only,Room only,438138,17356,954,13,13,,,24200,,,,24200,,0,0,1,1,0,0,0,17356,829,2020-12-22T00:00:00,2020-12-31T00:00:00,1,15,0,0,0,,0,0,0,0,,,,0,0,2,127,0,12,0,8.4,18,0,109,1,0,0,,Mandatory Dinner on 31/12: INR 7000 per person,
Tamil Nadu,Madurai,The Gateway Hotel Pasumalai Madurai,Superior Room,Room only,Room only,438139,17357,25,13,13,,,7300,,,,7300,,0,0,1,1,0,0,0,17357,832,2020-02-18T00:00:00,2020-04-15T00:00:00,1,15,0,,,0,0,0,0,0,,,,0,,,127,,12.5,0,7.42,18,0,25,1,0,0,,,
Tamil Nadu,Madurai,The Gateway Hotel Pasumalai Madurai,Executive Room,Room only,Room only,438140,17357,23,13,13,,,8300,,,,8300,,0,0,1,1,0,0,0,17357,832,2020-02-18T00:00:00,2020-04-15T00:00:00,1,15,0,,,0,0,0,0,0,,,,0,,,127,,12.5,0,7.42,18,0,25,1,0,0,,,
Tamil Nadu,Madurai,The Gateway Hotel Pasumalai Madurai,Superior Room,Room only,Room only,438141,17358,25,13,13,,,6000,,,,6000,,0,0,1,1,0,0,0,17358,832,2020-04-16T00:00:00,2020-09-30T00:00:00,1,15,0,,,0,0,0,0,0,,,,0,,,127,,12.5,0,7.42,18,0,25,1,0,0,,,
Tamil Nadu,Madurai,The Gateway Hotel Pasumalai Madurai,Executive Room,Room only,Room only,438142,17358,23,13,13,,,6800,,,,6800,,0,0,1,1,0,0,0,17358,832,2020-04-16T00:00:00,2020-09-30T00:00:00,1,15,0,,,0,0,0,0,0,,,,0,,,127,,12.5,0,7.42,18,0,25,1,0,0,,,
Tamil Nadu,Madurai,The Gateway Hotel Pasumalai Madurai,Superior Room,Room only,Room only,438143,17359,25,13,13,,,7300,,,,7300,,0,0,1,1,0,0,0,17359,832,2020-10-01T00:00:00,2020-12-31T00:00:00,1,15,0,,,0,0,0,0,0,,,,0,,,127,,12.5,0,7.42,18,0,25,1,0,0,,24/12 (Dinner): INR 3000 pp + taxes  25/12 (Lunch): INR 4000 pp + taxes  31/12 (Dinner): INR 3000 pp + taxes,
Tamil Nadu,Madurai,The Gateway Hotel Pasumalai Madurai,Executive Room,Room only,Room only,438144,17359,23,13,13,,,8300,,,,8300,,0,0,1,1,0,0,0,17359,832,2020-10-01T00:00:00,2020-12-31T00:00:00,1,15,0,,,0,0,0,0,0,,,,0,,,127,,12.5,0,7.42,18,0,25,1,0,0,,24/12 (Dinner): INR 3000 pp + taxes  25/12 (Lunch): INR 4000 pp + taxes  31/12 (Dinner): INR 3000 pp + taxes,
Goa,Goa,Summertime,Suite,Bed & breakfast,Room only,438740,17538,9,13,13,,,11000,,,,11000,,0,0,2,1,0,4000,0,17538,3008,2020-01-08T00:00:00,2020-05-31T00:00:00,1,7,0,0,0,0,0,0,0,0,0,0,0,0,0,,127,0,0,0,0,0,0,9,1,0,0,,,
West Bengal,Kolkata,The Rajbari Bawali,Classic Heritage Room,Room only,Bed & breakfast,438863,17581,553,13,13,,,,8000,,,,8500,0,0,1,2,0,0,0,17581,3229,2020-10-01T00:00:00,2021-09-30T00:00:00,1,15,0,0,0,15,0,0,0,0,0,0,0,0,0,,127,0,0,0,0,0,0,984,1,0,0,,,
West Bengal,Kolkata,The Rajbari Bawali,Pond View Room,Room only,Bed & breakfast,438864,17581,984,13,13,,,,10000,,,,10500,0,0,1,2,0,0,0,17581,3229,2020-10-01T00:00:00,2021-09-30T00:00:00,1,15,0,0,0,15,0,0,0,0,0,0,0,0,0,,127,0,0,0,0,0,0,984,1,0,0,,,
West Bengal,Kolkata,The Rajbari Bawali,Zamindari Suite,Room only,Bed & breakfast,438865,17581,985,13,13,,,,12000,,,,12600,0,0,1,2,0,0,0,17581,3229,2020-10-01T00:00:00,2021-09-30T00:00:00,1,15,0,0,0,15,0,0,0,0,0,0,0,0,0,,127,0,0,0,0,0,0,984,1,0,0,,,
West Bengal,Kolkata,The Rajbari Bawali,Royal Suite,Room only,Bed & breakfast,438866,17581,52,13,13,,,,17000,,,,17500,0,0,1,2,0,0,0,17581,3229,2020-10-01T00:00:00,2021-09-30T00:00:00,1,15,0,0,0,15,0,0,0,0,0,0,0,0,0,,127,0,0,0,0,0,0,984,1,0,0,,,
West Bengal,Kolkata,The Rajbari Bawali,Dak Bungalow,Room only,Bed & breakfast,438867,17581,986,13,13,,,,20600,,,,21600,0,0,1,2,0,0,0,17581,3229,2020-10-01T00:00:00,2021-09-30T00:00:00,1,15,0,0,0,15,0,0,0,0,0,0,0,0,0,,127,0,0,0,0,0,0,984,1,0,0,,,
Uttarakhand,Binsar,Mary Budden Estate,Suite,Room only,Fullboard,439011,17628,9,13,13,,21287,,,,21287,,,0,1,1,4,0,0,6500,17628,3245,2019-10-01T00:00:00,2020-06-30T00:00:00,1,15,0,0,0,0,0,0,0,0,0,0,0,0,0,,127,0,0,0,0,0,0,9,0,0,0,,Open from 01 September to 30 June,
Uttarakhand,Binsar,Mary Budden Estate,Suite,Room only,Fullboard,439012,17629,9,13,13,,21287,,,,21287,,,0,1,1,4,0,0,6500,17629,3245,2019-09-01T00:00:00,2019-09-30T00:00:00,1,15,0,0,0,0,0,0,0,0,0,0,0,0,0,,127,0,0,0,0,0,0,9,0,0,0,,Open from 01 September to 30 June,
Uttarakhand,Binsar,Mary Budden Estate,Suite,Room only,Fullboard,439013,17630,9,13,13,,21287,,,,21287,,,0,1,1,4,0,0,6500,17630,3245,2020-07-01T00:00:00,2020-08-31T00:00:00,1,15,0,0,0,0,0,0,0,1,0,0,0,0,0,,127,0,0,0,0,0,0,9,0,0,0,,Open from 01 September to 30 June,
Gujarat,Ahmedabad,Hotel Accolade,Deluxe Room,Bed & breakfast,Room only,439041,17646,10,13,13,,,2600,,,,2600,,1,0,2,1,0,500,0,17646,2833,2020-10-01T00:00:00,2021-03-31T00:00:00,1,15,0,0,0,0,0,0,0,0,0,0,0,0,0,,127,0,0,0,0,0,0,10,1,0,0,,rates copied from 2019-2020  These rates will remain valid from 1st October 2020 untill 31st March 2021 { Except City Sold out dates }.,5
Uttarakhand,Binsar,Mary Budden Estate,Suite,Room only,Fullboard,439132,17685,9,13,13,,21287,,,,21287,,,0,1,1,4,0,0,6500,17685,3245,2020-10-01T00:00:00,2021-06-30T00:00:00,1,15,0,0,0,0,0,0,0,0,0,0,0,0,0,,127,0,0,0,0,0,0,9,0,0,0,,rates copied from 2019-2020  Open from 01 September to 30 June,
Uttarakhand,Binsar,Mary Budden Estate,Suite,Room only,Fullboard,439133,17686,9,13,13,,21287,,,,21287,,,0,1,1,4,0,0,6500,17686,3245,2021-07-01T00:00:00,2021-08-31T00:00:00,1,15,0,0,0,0,0,0,0,1,0,0,0,0,0,,127,0,0,0,0,0,0,9,0,0,0,,rates copied from 2019-2020  Open from 01 September to 30 June,
Assam,Dibrugarh,Chowkidinghee Chang Bungalow,First Floor Room,Bed & breakfast,Bed & breakfast,439293,17755,400,13,13,,,9000,,,,9000,,0,0,2,2,0,2000,,17755,2524,2020-10-01T00:00:00,2021-09-30T00:00:00,1,6,0,,15,,0,0,0,0,,,,0,,,127,,5,0,9,,0,400,1,0,0,,rates copied from 2019-2020,
Assam,Dibrugarh,Chowkidinghee Chang Bungalow,Ground Floor Room,Bed & breakfast,Bed & breakfast,439294,17755,399,13,13,,,5500,,,,5500,,0,0,2,2,0,2000,,17755,2524,2020-10-01T00:00:00,2021-09-30T00:00:00,1,6,0,,15,,0,0,0,0,,,,0,,,127,,5,0,9,,0,400,1,0,0,,rates copied from 2019-2020,
Goa,Goa,Panjim Inn,Peoples Superiors,Bed & breakfast,Room only,439388,17780,534,13,13,,,8700,,,,8700,,1,0,2,1,0,1920,0,17780,2351,2021-01-06T00:00:00,2021-03-31T00:00:00,1,15,0,,,0,0,0,0,0,,,,0,,,127,,,0,,,0,10,1,0,0,,rates copied from 2019-2020,
Rajasthan,Jaisalmer,Nachana Haveli,Suite,Bed & breakfast,Room only,439565,17833,9,13,13,,,4950,,,,5500,,1,0,2,1,0,1200,0,17833,1344,2020-10-01T00:00:00,2021-03-31T00:00:00,1,15,0,0,0,,0,0,0,0,,,,0,350,,127,0,,0,0,,0,10,1,0,0,,rates copied from 2019-2020,
Rajasthan,Jaisalmer,Suryagarh,Luxury Suite,Bed & breakfast,Room only,439584,17844,45,13,13,,,22500,,,,22500,,0,0,2,1,0,4000,0,17844,3046,2020-10-01T00:00:00,2020-12-20T00:00:00,1,15,0,0,0,0,0,0,0,0,0,0,0,0,0,,127,0,0,0,0,0,0,881,1,0,0,,"rates copied from 2019-2020  Mandatory Gala Dinner Supplements  Diwali - INR 4,000/- plus taxes per person  Children 6-12 - 50% of above rates.  Children below 6 - complimentary meals",
Rajasthan,Jaisalmer,Suryagarh,Luxury Suite,Bed & breakfast,Room only,439592,17845,45,13,13,,,36000,,,,36000,,0,0,2,1,0,4000,0,17845,3046,2020-12-21T00:00:00,2021-01-05T00:00:00,1,15,0,0,0,0,0,0,0,0,0,0,0,0,0,,127,0,0,0,0,0,0,881,1,0,0,,"rates copied from 2019-2020  Mandatory Gala Dinner Supplements  Christmas - INR 8,500/- plus taxes per person  New Year Eve - INR 10,000/- plus taxes per person  Children 6-12 - 50% of above rates.  Children below 6 - complimentary meals",
Rajasthan,Jaisalmer,Suryagarh,Luxury Suite,Bed & breakfast,Room only,439600,17846,45,13,13,,,22500,,,,22500,,0,0,2,1,0,4000,0,17846,3046,2021-01-06T00:00:00,2021-03-31T00:00:00,1,15,0,0,0,0,0,0,0,0,0,0,0,0,0,,127,0,0,0,0,0,0,881,1,0,0,,"rates copied from 2019-2020  Mandatory Gala Dinner Supplements  Holi - INR 7,500/- plus taxes per person  Children 6-12 - 50% of above rates.  Children below 6 - complimentary meals",
Maharashtra,Mumbai,Hotel Suba Palace,Deluxe Room,Bed & breakfast,Room only,439846,17940,10,13,13,,,6000,,,,7000,,0,0,2,1,0,1000,0,17940,3050,2020-10-01T00:00:00,2021-03-31T00:00:00,1,15,0,0,0,0,0,0,0,0,0,0,0,0,0,,127,0,0,0,0,0,0,10,1,0,0,,rates copied from 2019-2020,
Pondicherry,Pondicherry,Maison Perumal,Deluxe Room,Bed & breakfast,Room only,439955,17988,10,13,13,,,9150,,,,9150,,1,0,2,1,0,2655,0,17988,2591,2020-10-01T00:00:00,2020-12-20T00:00:00,1,15,0,,,,0,0,0,0,,,,0,,,127,,,0,3.09,,0,82,,0,0,,rates copied from 2019-2020,5
Pondicherry,Pondicherry,Maison Perumal,Deluxe Room,Bed & breakfast,Room only,439957,17989,10,13,13,,,11175,,,,11175,,1,0,2,1,0,2655,0,17989,2591,2020-12-21T00:00:00,2021-01-10T00:00:00,1,15,0,,,,0,0,0,0,,,,0,,,127,,,0,3.09,,0,82,,0,0,,rates copied from 2019-2020  Supplement cost for 31/12 is INR 7000 pp,5
Pondicherry,Pondicherry,Maison Perumal,Deluxe Room,Bed & breakfast,Room only,439959,17990,10,13,13,,,9150,,,,9150,,1,0,2,1,0,2655,0,17990,2591,2021-01-11T00:00:00,2021-01-31T00:00:00,1,15,0,,,,0,0,0,0,,,,0,,,127,,,0,3.09,,0,82,,0,0,,rates copied from 2019-2020,5
Pondicherry,Pondicherry,Maison Perumal,Deluxe Room,Bed & breakfast,Room only,439961,17991,10,13,13,,,11175,,,,11175,,1,0,2,1,0,2655,0,17991,2591,2021-02-01T00:00:00,2021-02-28T00:00:00,1,15,0,,,,0,0,0,0,,,,0,,,127,,,0,3.09,,0,82,,0,0,,rates copied from 2019-2020,5
Pondicherry,Pondicherry,Maison Perumal,Deluxe Room,Bed & breakfast,Room only,439963,17992,10,13,13,,,9150,,,,9150,,1,0,2,1,0,2655,0,17992,2591,2021-03-01T00:00:00,2021-04-30T00:00:00,1,15,0,,,,0,0,0,0,,,,0,,,127,,,0,3.09,,0,82,,0,0,,rates copied from 2019-2020,5
Rajasthan,Samode,Samode Bagh,Deluxe Tent,Bed & breakfast,Bed & breakfast,439998,18013,78,13,13,,,,10000,,,,10000,0,0,2,2,0,,2750,18013,352,2020-12-24T00:00:00,2020-12-30T00:00:00,1,15,0,0,0,10,0,0,0,0,0,,15,0,1000,4,127,0,10,0,8.4,0,0,78,1,0,0,,rates copied from 2019-2020,
Rajasthan,Samode,Samode Bagh,Deluxe Tent,Bed & breakfast,Bed & breakfast,440000,18015,78,13,13,,,,10000,,,,10000,0,0,2,2,0,,2750,18015,352,2021-01-01T00:00:00,2021-01-02T00:00:00,1,15,0,0,0,10,0,0,0,0,0,,15,0,1000,4,127,0,10,0,8.4,0,0,78,1,0,0,,rates copied from 2019-2020,
Rajasthan,Samode,Samode Palace,Deluxe Room,Bed & breakfast,Bed & breakfast,440008,18021,10,13,13,,,,24000,,,,24000,0,0,2,2,0,,4400,18021,213,2020-12-24T00:00:00,2020-12-30T00:00:00,1,15,0,0,0,,0,0,0,0,0,,15,0,1000,4,127,0,10,0,9,0,0,10,1,0,0,,rates copied from 2019-2020,
Rajasthan,Samode,Samode Palace,Deluxe Suite,Bed & breakfast,Bed & breakfast,440009,18021,47,13,13,,,,29000,,,,29000,0,0,2,2,0,,4400,18021,213,2020-12-24T00:00:00,2020-12-30T00:00:00,1,15,0,0,0,,0,0,0,0,0,,15,0,1000,4,127,0,10,0,9,0,0,10,1,0,0,,rates copied from 2019-2020,
Rajasthan,Samode,Samode Palace,Deluxe Room,Bed & breakfast,Bed & breakfast,440014,18023,10,13,13,,,,24000,,,,24000,0,0,2,2,0,,4400,18023,213,2021-01-01T00:00:00,2021-01-02T00:00:00,1,15,0,0,0,10,0,0,0,0,0,,15,0,1000,4,127,0,10,0,9,0,0,10,1,0,0,,rates copied from 2019-2020,
Rajasthan,Samode,Samode Palace,Deluxe Suite,Bed & breakfast,Bed & breakfast,440015,18023,47,13,13,,,,29000,,,,29000,0,0,2,2,0,,4400,18023,213,2021-01-01T00:00:00,2021-01-02T00:00:00,1,15,0,0,0,10,0,0,0,0,0,,15,0,1000,4,127,0,10,0,9,0,0,10,1,0,0,,rates copied from 2019-2020,
Rajasthan,Samode,Samode Palace,Deluxe Room,Bed & breakfast,Bed & breakfast,440017,18024,10,13,13,,,15000,,,,15000,,0,0,2,2,0,4400,4400,18024,213,2021-01-03T00:00:00,2021-03-31T00:00:00,1,15,0,0,0,,0,0,0,0,0,,15,0,1000,4,127,0,10,0,9,0,0,10,1,0,0,,rates copied from 2019-2020,
Rajasthan,Samode,Samode Palace,Deluxe Suite,Bed & breakfast,Bed & breakfast,440018,18024,47,13,13,,,20000,,,,20000,,0,0,2,2,0,4400,4400,18024,213,2021-01-03T00:00:00,2021-03-31T00:00:00,1,15,0,0,0,,0,0,0,0,0,,15,0,1000,4,127,0,10,0,9,0,0,10,1,0,0,,rates copied from 2019-2020,
Rajasthan,Samode,Samode Palace,Deluxe Room,Bed & breakfast,Bed & breakfast,440020,18025,10,13,13,,,9200,,,,9200,,0,0,2,2,0,4400,,18025,213,2021-04-01T00:00:00,2021-04-30T00:00:00,1,15,0,0,0,,0,0,0,0,0,,15,0,1000,4,127,0,10,0,9,0,0,10,1,0,0,,rates copied from 2019-2020,
Rajasthan,Samode,Samode Palace,Deluxe Suite,Bed & breakfast,Bed & breakfast,440021,18025,47,13,13,,,11600,,,,11600,,0,0,2,2,0,4400,,18025,213,2021-04-01T00:00:00,2021-04-30T00:00:00,1,15,0,0,0,,0,0,0,0,0,,15,0,1000,4,127,0,10,0,9,0,0,10,1,0,0,,rates copied from 2019-2020,
Rajasthan,Samode,Samode Palace,Deluxe Room,Bed & breakfast,Bed & breakfast,440023,18026,10,13,13,,,7850,,,,7850,,1,0,2,2,0,4400,,18026,213,2021-05-01T00:00:00,2021-07-31T00:00:00,1,15,0,0,0,,0,0,0,0,0,,15,0,1000,4,127,0,10,0,9,0,0,10,1,0,0,,rates copied from 2019-2020,
Rajasthan,Samode,Samode Palace,Deluxe Suite,Bed & breakfast,Bed & breakfast,440024,18026,47,13,13,,,,,,,,,0,0,2,2,0,,,18026,213,2021-05-01T00:00:00,2021-07-31T00:00:00,1,15,0,0,0,,0,0,0,0,0,,15,0,1000,4,127,0,10,0,9,0,0,10,1,0,0,,rates copied from 2019-2020,
Rajasthan,Samode,Samode Palace,Deluxe Room,Bed & breakfast,Bed & breakfast,440026,18027,10,13,13,,,9200,,,,9200,,0,0,2,2,0,4400,,18027,213,2021-08-01T00:00:00,2021-09-30T00:00:00,1,15,0,0,0,,0,0,0,0,0,,15,0,1000,4,127,0,10,0,9,0,0,10,1,0,0,,rates copied from 2019-2020,
Rajasthan,Samode,Samode Palace,Deluxe Suite,Bed & breakfast,Bed & breakfast,440027,18027,47,13,13,,,11600,,,,11600,,0,0,2,2,0,4400,,18027,213,2021-08-01T00:00:00,2021-09-30T00:00:00,1,15,0,0,0,,0,0,0,0,0,,15,0,1000,4,127,0,10,0,9,0,0,10,1,0,0,,rates copied from 2019-2020,
Madhya Pradesh,Satpura,Reni Pani Jungle Lodge,Luxury Room,Jungle Plan,Room only,440033,18030,26,13,13,,,26870,,,,30700,,1,0,7,1,0,7500,0,18030,3099,2020-10-01T00:00:00,2021-06-30T00:00:00,1,15,0,0,0,0,0,0,0,0,0,0,0,0,0,,127,0,0,0,0,0,0,39,1,0,0,,rates copied from 2019-2020  All meals + evening snacks  1 Shared Jeep + 1 Shared National Park / Buffer Activity per day ** included in cost.,
Madhya Pradesh,Satpura,Reni Pani Jungle Lodge,Luxury Tent,Jungle Plan,Room only,440034,18030,39,13,13,,,32725,,,,37400,,1,0,7,1,0,7500,0,18030,3099,2020-10-01T00:00:00,2021-06-30T00:00:00,1,15,0,0,0,0,0,0,0,0,0,0,0,0,0,,127,0,0,0,0,0,0,39,1,0,0,,rates copied from 2019-2020  All meals + evening snacks  1 Shared Jeep + 1 Shared National Park / Buffer Activity per day ** included in cost.,
Kerala,Thekkady,Hotel Tree Top,Bungalow,Bed & breakfast,Bed & breakfast,440110,18062,691,13,13,11200,,,,11200,,,,1,0,2,2,0,1000,,18062,2063,2020-10-01T00:00:00,2020-10-24T00:00:00,1,15,0,0,0,0,0,0,0,0,0,0,0,0,0,1,127,0,0,0,0,0,0,14,0,0,0,,rates copied from 2019-2020,
Kerala,Thekkady,Hotel Tree Top,Bungalow,Bed & breakfast,Bed & breakfast,440113,18063,691,13,13,13400,,,,13400,,,,1,0,2,2,0,1200,,18063,2063,2020-10-25T00:00:00,2020-11-08T00:00:00,1,15,0,0,0,0,0,0,0,0,0,0,0,0,0,1,127,0,0,0,0,0,0,14,0,0,0,,rates copied from 2019-2020,
Kerala,Thekkady,Hotel Tree Top,Bungalow,Bed & breakfast,Bed & breakfast,440116,18064,691,13,13,11200,,,,11200,,,,1,0,2,2,0,1000,,18064,2063,2020-11-09T00:00:00,2020-12-09T00:00:00,1,15,0,0,0,0,0,0,0,0,0,0,0,0,0,1,127,0,0,0,0,0,0,14,0,0,0,,rates copied from 2019-2020,
Kerala,Thekkady,Hotel Tree Top,Bungalow,Bed & breakfast,Bed & breakfast,440119,18065,691,13,13,13400,,,,13400,,,,1,0,2,2,0,1200,,18065,2063,2020-12-10T00:00:00,2021-01-10T00:00:00,1,15,0,0,0,0,0,0,0,0,0,0,0,0,0,1,127,0,0,0,0,0,0,14,0,0,0,,rates copied from 2019-2020  24/12: 1500pp  31/12:2000pp,
Kerala,Thekkady,Hotel Tree Top,Bungalow,Bed & breakfast,Bed & breakfast,440122,18066,691,13,13,11200,,,,11200,,,,1,0,2,2,0,1000,,18066,2063,2021-01-11T00:00:00,2021-02-28T00:00:00,1,15,0,0,0,0,0,0,0,0,0,0,0,0,0,1,127,0,0,0,0,0,0,14,0,0,0,,rates copied from 2019-2020,
Kerala,Thekkady,Hotel Tree Top,Bungalow,Bed & breakfast,Bed & breakfast,440125,18067,691,13,13,9600,,,,9600,,,,1,0,2,2,0,1000,,18067,2063,2021-03-01T00:00:00,2021-05-31T00:00:00,1,15,0,0,0,0,0,0,0,0,0,0,0,0,0,1,127,0,0,0,0,0,0,14,0,0,0,,rates copied from 2019-2020,
Kerala,Thekkady,Hotel Tree Top,Bungalow,Bed & breakfast,Bed & breakfast,440128,18068,691,13,13,8600,,,,8600,,,,1,0,2,2,0,1000,,18068,2063,2021-06-01T00:00:00,2021-09-30T00:00:00,1,15,0,0,0,0,0,0,0,0,0,0,0,0,0,1,127,0,0,0,0,0,0,14,0,0,0,,rates copied from 2019-2020,
Nagaland,Mon,Vinngoi Resort,Cottage,Room only,Bed & breakfast,440256,18124,14,13,13,,2500,,,,3500,,,0,0,1,2,0,0,0,18124,2946,2020-10-01T00:00:00,2021-09-30T00:00:00,1,15,0,0,0,0,0,0,0,0,0,0,0,0,0,,127,0,0,0,0,0,0,14,0,0,0,,rates copied from 2018-2019,
Gujarat,Balasinor,Garden Palace,Standard Room,Bed & breakfast,Room only,440283,18136,18,13,13,,,4500,,,,4500,,1,0,2,1,0,1500,0,18136,1470,2020-10-01T00:00:00,2021-09-30T00:00:00,1,15,0,0,0,,0,0,0,0,0,,,0,0,,127,0,0,0,1.24,0,0,18,1,0,0,,rates copied from 2014-2015,
Madhya Pradesh,Kathiwada,Kathiwada Raaj Mahal,Royal Suite,Room only,Fullboard,440291,18140,52,13,13,,,,22000,,,,26000,0,0,1,4,0,0,0,18140,3235,2020-10-01T00:00:00,2021-09-30T00:00:00,1,15,0,0,0,10,0,0,0,0,0,0,0,0,0,,127,0,0,0,0,0,0,52,1,0,0,,,
Madhya Pradesh,Kathiwada,Kathiwada Raaj Mahal,Heritage Room,Room only,Fullboard,440292,18140,185,13,13,,,,19000,,,,23000,0,0,1,4,0,0,0,18140,3235,2020-10-01T00:00:00,2021-09-30T00:00:00,1,15,0,0,0,10,0,0,0,0,0,0,0,0,0,,127,0,0,0,0,0,0,52,1,0,0,,,
Madhya Pradesh,Kathiwada,Kathiwada Raaj Mahal,Cottage,Room only,Fullboard,440293,18140,14,13,13,,,,7500,,,,15000,0,0,1,4,0,0,0,18140,3235,2020-10-01T00:00:00,2021-09-30T00:00:00,1,15,0,0,0,10,0,0,0,0,0,0,0,0,0,,127,0,0,0,0,0,0,52,1,0,0,,,
Nagaland,Khonoma,Khonoma Homestays,Standard Room,Room only,Room only,440300,18143,18,13,13,,600,,,,600,,,0,0,1,1,0,0,0,18143,2853,2019-10-01T00:00:00,2020-09-30T00:00:00,1,15,0,10,0,0,0,0,0,0,0,0,0,0,0,,127,0,0,0,0,0,0,18,0,0,0,,Cost copied from previous year,
Telangana,Hyderabad,Taj Banjara,Standard Room,Room only,Room only,440301,18144,18,13,13,,,7400,,,,7400,,0,0,1,1,0,1500,0,18144,1453,2019-10-01T00:00:00,2020-09-30T00:00:00,1,15,0,0,0,10,0,0,0,0,0,0,0,0,0,,127,0,10,0,7.42,0,0,18,1,0,0,,Eates not updated correctly. Please check first.,
Assam,Dibrugarh,Chowkidinghee Chang Bungalow,First Floor Room,Bed & breakfast,Bed & breakfast,440327,18158,400,13,13,,,9500,,,,9500,,0,0,2,2,0,2200,,18158,2524,2021-10-01T00:00:00,2022-09-30T00:00:00,1,6,0,,15,,0,0,0,0,,,,0,,,127,,5,0,9,,0,400,1,0,0,,,
Assam,Dibrugarh,Chowkidinghee Chang Bungalow,Ground Floor Room,Bed & breakfast,Bed & breakfast,440328,18158,399,13,13,,,5800,,,,5800,,0,0,2,2,0,2200,,18158,2524,2021-10-01T00:00:00,2022-09-30T00:00:00,1,6,0,,15,,0,0,0,0,,,,0,,,127,,5,0,9,,0,400,1,0,0,,,
Nagaland,Mon,Vinngoi Resort,Cottage,Room only,Bed & breakfast,440334,18162,14,13,13,,2500,,,,3500,,,0,0,1,2,0,0,0,18162,2946,2021-10-01T00:00:00,2022-09-30T00:00:00,1,15,0,0,0,0,0,0,0,0,0,0,0,0,0,,127,0,0,0,0,0,0,14,0,0,0,,,
Rajasthan,Sariska,Sariska Safari Lodge,Cottage,Fullboard,Room only,440399,18189,14,13,13,,,8000,,,,8500,,0,0,4,1,0,2500,0,18189,3304,2021-10-01T00:00:00,2022-06-30T00:00:00,1,15,0,0,0,0,0,0,0,0,0,0,0,0,0,,127,0,0,0,0,0,0,14,1,0,0,,Jeep safari rates TBA,
