Goa,Goa,Transfer from airport to hotel,Vailankanni Auto Hires,01:30,,1,,1,0,0,,1
Goa,Goa,Transfer from hotel to airport,Vailankanni Auto Hires,01:30,,1,,1,0,0,,1
Goa,Goa,Transfer from Margao railway station to hotel,Vailankanni Auto Hires,01:30,,1,,1,0,0,,1
Goa,Goa,Transfer from hotel to Margao railway station,Vailankanni Auto Hires,01:30,,1,,1,0,0,,1
Goa,Goa,Transfer from Thivim railway station to hotel,Vailankanni Auto Hires,00:45,,1,,1,0,0,,1
Goa,Goa,Transfer from hotel to Thivim railway station,Vailankanni Auto Hires,00:45,,1,,1,0,0,,1
Goa,Goa,Transfer Panjim-Quepem-Netraviali,Vailankanni Auto Hires,04:20,,1,,1,0,0,,1
Goa,Goa,Transfer from hotel to Vasco railway station,Vailankanni Auto Hires,01:30,,1,,1,0,0,,1
Goa,Goa,Transfer from Vasco railway station to hotel,Vailankanni Auto Hires,01:30,,1,,1,0,0,,1
Ladakh,Leh,Transfer from airport to hotel,Rimo Expeditions,01:00,,1,,1,0,0,,1
Ladakh,Leh,Transfer from hotel to airport,Rimo Expeditions,01:00,,1,,1,0,0,,1
Jammu & Kashmir,Srinagar,Transfer from airport to hotel,Rimo Expeditions,01:00,,1,,1,0,0,,1
Jammu & Kashmir,Srinagar,Transfer from hotel to airport,Rimo Expeditions,01:00,,1,,1,0,0,,1
Sikkim,Martam,Transfer from hotel to Kalimpong,Clubside Tours & Travels Pvt Ltd,03:30,,1,,1,0,0,,1
Sikkim,Martam,Transfer from hotel to Darjeeling,Clubside Tours & Travels Pvt Ltd,05:30,,1,,1,0,0,,1
Sikkim,Martam,Transfer from hotel to Jaldapara,Clubside Tours & Travels Pvt Ltd,08:00,,1,,1,0,0,,1
Sikkim,Martam,Transfer from hotel to Bagdogra airport,Clubside Tours & Travels Pvt Ltd,04:30,,1,,1,0,0,,1
Sikkim,Martam,Transfer from hotel to New Jalpaiguri railway station,Clubside Tours & Travels Pvt Ltd,04:00,,1,,1,0,0,,1
Sikkim,Martam,Transfer from hotel to Siliguri railway station,Clubside Tours & Travels Pvt Ltd,04:00,,1,,1,0,0,,1
Sikkim,Martam,Transfer from hotel to Gangtok,Clubside Tours & Travels Pvt Ltd,00:30,,1,,1,0,0,,1
Sikkim,Martam,Transfer from hotel to Pelling,Clubside Tours & Travels Pvt Ltd,05:30,,1,,1,0,0,,1
West Bengal,Bagdogra,Transfer from airport to hotel,Clubside Tours & Travels Pvt Ltd,01:00,,1,,1,0,0,,1
West Bengal,Bagdogra,Transfer from hotel to airport,Clubside Tours & Travels Pvt Ltd,01:00,,1,,1,0,0,,1
Lakshadweep,Agatti,Boat transfer from Agatti airport to Bangaram hotel,Casino Hotel,01:00,,1,,1,0,0,,1
Lakshadweep,Agatti,Boat transfer from Bangaram hotel to Agatti airport,Casino Hotel,01:00,,1,,1,0,0,,1
Orissa,Bhubaneswar,Transfer from airport to hotel,Travel Link Pvt Ltd,00:30,,1,,1,0,0,,1
Orissa,Bhubaneswar,Transfer from hotel to airport,Travel Link Pvt Ltd,00:30,,1,,1,0,0,,1
Orissa,Bhubaneswar,Transfer from railway station to hotel,Travel Link Pvt Ltd,00:30,,1,,1,0,0,,1
Orissa,Bhubaneswar,Transfer from hotel to railway station,Travel Link Pvt Ltd,00:30,,1,,1,0,0,,1
Orissa,Puri,Transfer from railway station to hotel,Travel Link Pvt Ltd,01:30,,1,,1,0,0,,1
Orissa,Puri,Transfer from hotel to railway station,Travel Link Pvt Ltd,01:30,,1,,1,0,0,,1
Madhya Pradesh,Bhopal,Transfer from airport to hotel,Radiant Travels Pvt Ltd,00:45,,1,,1,0,0,,1
Madhya Pradesh,Bhopal,Transfer from hotel to airport,Radiant Travels Pvt Ltd,00:45,,1,,1,0,0,,1
Madhya Pradesh,Bhopal,Transfer from railway station to hotel,Radiant Travels Pvt Ltd,00:45,,1,,1,0,0,,1
Madhya Pradesh,Bhopal,Transfer from hotel to railway station,Radiant Travels Pvt Ltd,00:45,,1,,1,0,0,,1
Madhya Pradesh,Jabalpur,Transfer from Jabalpur airport to hotel,Radiant Travels Pvt Ltd,01:00,,1,,1,0,0,,1
Madhya Pradesh,Jabalpur,Transfer from hotel to Jabalpur airport,Radiant Travels Pvt Ltd,01:00,,1,,1,0,0,,1
Madhya Pradesh,Jabalpur,Transfer from Jabalpur railway station to hotel,Radiant Travels Pvt Ltd,00:20,,1,,1,0,0,,1
Madhya Pradesh,Jabalpur,Transfer from hotel to Jabalpur railway station,Radiant Travels Pvt Ltd,00:20,,1,,1,0,0,,1
Maharashtra,Nagpur,Transfer from airport to hotel,Radiant Travels Pvt Ltd,00:45,,1,,1,0,0,,1
Maharashtra,Nagpur,Transfer from hotel to airport,Radiant Travels Pvt Ltd,00:45,,1,,1,0,0,,1
Maharashtra,Nagpur,Transfer from railway station to hotel,Radiant Travels Pvt Ltd,00:30,,1,,1,0,0,,1
Maharashtra,Nagpur,Transfer from hotel to railway station,Radiant Travels Pvt Ltd,00:30,,1,,1,0,0,,1
Chhattisgarh,Raipur,Transfer from Raipur airport to hotel,Green Gondwana Adventures (India) Pvt Ltd,01:00,,1,,0,0,0,,1
Chhattisgarh,Raipur,Transfer from hotel to Raipur airport,Green Gondwana Adventures (India) Pvt Ltd,01:00,,1,,0,0,0,,1
Chhattisgarh,Raipur,Transfer from Raipur railway station to hotel,Green Gondwana Adventures (India) Pvt Ltd,01:00,,1,,0,0,0,,1
Chhattisgarh,Raipur,Transfer from hotel to Raipur railway station,Green Gondwana Adventures (India) Pvt Ltd,01:00,,1,,0,0,0,,1
Himachal Pradesh,Shimla,Transfer from airport to hotel,Band Box Heights & Valleys,01:30,,1,,1,0,0,,1
Himachal Pradesh,Shimla,Transfer from hotel to airport,Band Box Heights & Valleys,01:30,,1,,1,0,0,,1
Himachal Pradesh,Shimla,Transfer from railway station to hotel,Band Box Heights & Valleys,00:30,,1,,1,0,0,,1
Himachal Pradesh,Shimla,Transfer from hotel to railway station,Band Box Heights & Valleys,00:30,,1,,1,0,0,,1
Uttar Pradesh,Agra,Transfer from hotel to Tundla railway station,Colleague Tours Pvt. Ltd.,01:30,,1,,1,0,0,,1
Uttar Pradesh,Agra,Transfer from Tundla railway station to hotel,Colleague Tours Pvt. Ltd.,01:30,,1,,1,0,0,,1
Uttar Pradesh,Agra,Transfer from hotel to railway station,Colleague Tours Pvt. Ltd.,00:30,,1,,1,0,0,,1
Uttar Pradesh,Agra,Transfer from railway station to hotel,Colleague Tours Pvt. Ltd.,00:30,,1,,1,0,0,,1
Uttar Pradesh,Agra,Transfer from airport to hotel,Colleague Tours Pvt. Ltd.,00:45,,1,,1,0,0,,1
Uttar Pradesh,Agra,Transfer from hotel to airport,Colleague Tours Pvt. Ltd.,00:45,,1,,1,0,0,,1
Madhya Pradesh,Khajuraho,Transfer from hotel to railway station,Colleague Tours Pvt. Ltd.,00:30,,1,,1,0,0,,1
Uttar Pradesh,Lucknow,Transfer from airport to hotel,Colleague Tours Pvt. Ltd.,01:30,,1,,1,0,0,,1
Uttar Pradesh,Lucknow,Transfer from hotel to airport,Colleague Tours Pvt. Ltd.,01:30,,1,,1,0,0,,1
Uttar Pradesh,Lucknow,Transfer from railway station to hotel,Colleague Tours Pvt. Ltd.,01:00,,1,,1,0,0,,1
Uttar Pradesh,Lucknow,Transfer from hotel to railway station,Colleague Tours Pvt. Ltd.,01:00,,1,,1,0,0,,1
Madhya Pradesh,Khajuraho,Transfer from airport to hotel,Colleague Tours Pvt. Ltd.,00:30,,1,,1,0,0,,1
Madhya Pradesh,Khajuraho,Transfer from hotel to airport,Colleague Tours Pvt. Ltd.,00:30,,1,,1,0,0,,1
Madhya Pradesh,Khajuraho,Transfer from railway station to hotel,Colleague Tours Pvt. Ltd.,00:30,,1,,1,0,0,,1
Madhya Pradesh,Gwalior,Transfer airport to hotel,Colleague Tours Pvt. Ltd.,01:30,,1,,1,0,0,,1
Madhya Pradesh,Gwalior,Transfer from hotel to airport,Colleague Tours Pvt. Ltd.,01:30,,1,,1,0,0,,1
Madhya Pradesh,Gwalior,Transfer from railway station to hotel,Colleague Tours Pvt. Ltd.,00:45,,1,,1,0,0,,1
Madhya Pradesh,Gwalior,Transfer from hotel to railway station,Colleague Tours Pvt. Ltd.,00:45,,1,,1,0,0,,1
Punjab,Amritsar,Transfer from airport to hotel,Summit Adventures,00:30,,1,,1,0,0,,1
Punjab,Amritsar,Transfer from hotel to airport,Summit Adventures,00:30,,1,,1,0,0,,1
Punjab,Amritsar,Transfer from railway station to hotel,Summit Adventures,00:30,,1,,1,0,0,,1
Punjab,Amritsar,Transfer from hotel to railway station,Summit Adventures,00:30,,1,,1,0,0,,1
Himachal Pradesh,Dharamsala,Transfer from airport to hotel,Summit Adventures,00:45,,1,,1,0,0,,1
Chandigarh,Chandigarh,Transfer from railway station to hotel,Summit Adventures,00:30,,1,,1,0,0,,1
Chandigarh,Chandigarh,Transfer from hotel to railway station,Summit Adventures,00:30,,1,,1,0,0,,1
Himachal Pradesh,Dharamsala,Transfer from hotel to airport,Summit Adventures,00:45,,1,,1,0,0,,1
Chandigarh,Chandigarh,Transfer from airport to hotel,Summit Adventures,01:00,,1,,1,0,0,,1
Chandigarh,Chandigarh,Transfer from hotel to airport,Summit Adventures,01:00,,1,,1,0,0,,1
Rajasthan,Bikaner,Transfer from railway station to hotel,Kaustubh Holidays Tours & Travels Pvt Ltd,00:30,,1,,1,0,0,,1
Rajasthan,Bikaner,Transfer from hotel to railway station,Kaustubh Holidays Tours & Travels Pvt Ltd,00:30,,1,,1,0,0,,1
Rajasthan,Jaipur,Transfer from airport to hotel,Kaustubh Holidays Tours & Travels Pvt Ltd,00:45,,1,,1,0,0,,1
Rajasthan,Jaipur,Transfer from hotel to airport,Kaustubh Holidays Tours & Travels Pvt Ltd,00:45,,1,,1,0,0,,1
Rajasthan,Udaipur,Transfer from airport to hotel,Kaustubh Holidays Tours & Travels Pvt Ltd,01:00,,1,,1,0,0,,1
Rajasthan,Udaipur,Transfer from hotel to airport,Kaustubh Holidays Tours & Travels Pvt Ltd,01:00,,1,,1,0,0,,1
Rajasthan,Udaipur,Transfer from railway station to hotel,Kaustubh Holidays Tours & Travels Pvt Ltd,00:30,,1,,1,0,0,,1
Rajasthan,Udaipur,Transfer from hotel to railway station,Kaustubh Holidays Tours & Travels Pvt Ltd,00:30,,1,,1,0,0,,1
Rajasthan,Jodhpur,Transfer from airport to hotel,Kaustubh Holidays Tours & Travels Pvt Ltd,00:30,,1,,1,0,0,,1
Rajasthan,Jodhpur,Transfer from hotel to airport,Kaustubh Holidays Tours & Travels Pvt Ltd,00:30,,1,,1,0,0,,1
Rajasthan,Jodhpur,Transfer from railway station to hotel,Kaustubh Holidays Tours & Travels Pvt Ltd,00:30,,1,,1,0,0,,1
Rajasthan,Jodhpur,Transfer from hotel to railway station,Kaustubh Holidays Tours & Travels Pvt Ltd,00:30,,1,,1,0,0,,1
Rajasthan,Jaipur,Transfer from railway station to hotel,Kaustubh Holidays Tours & Travels Pvt Ltd,00:30,,1,,1,0,0,,1
Rajasthan,Jaipur,Transfer from hotel to railway station,Kaustubh Holidays Tours & Travels Pvt Ltd,00:30,,1,,1,0,0,,1
Rajasthan,Jaisalmer,Transfer from airport to hotel,Kaustubh Holidays Tours & Travels Pvt Ltd,00:30,,1,,1,0,0,,1
Rajasthan,Jaisalmer,Transfer from hotel to airport,Kaustubh Holidays Tours & Travels Pvt Ltd,00:30,,1,,1,0,0,,1
Rajasthan,Jaisalmer,Transfer from railway station to hotel,Kaustubh Holidays Tours & Travels Pvt Ltd,00:15,,1,,1,0,0,,1
Rajasthan,Jaisalmer,Transfer from hotel to railway station,Kaustubh Holidays Tours & Travels Pvt Ltd,00:15,,1,,1,0,0,,1
Maharashtra,Mumbai,Transfer from International airport to hotel,Garha Tours & Travels,01:30,,1,,1,0,0,,1
Maharashtra,Mumbai,Transfer from hotel to International airport,Garha Tours & Travels,01:30,,1,,1,0,0,,1
Maharashtra,Mumbai,Transfer from Domestic airport to hotel,Garha Tours & Travels,01:30,,1,,1,0,0,,1
Maharashtra,Mumbai,Transfer from hotel to Domestic airport,Garha Tours & Travels,01:30,,1,,1,0,0,,1
Maharashtra,Mumbai,Transfer from railway station to City hotel,Garha Tours & Travels,00:45,,1,,1,0,0,,1
Maharashtra,Mumbai,Transfer from City hotel to railway station,Garha Tours & Travels,00:45,,1,,1,0,0,,1
Maharashtra,Mumbai,Transfer from railway station to Suburban hotel,Garha Tours & Travels,00:45,,1,,1,0,0,,1
Maharashtra,Mumbai,Transfer from Suburban hotel to railway station,Garha Tours & Travels,00:45,,1,,1,0,0,,1
Madhya Pradesh,Bandhavgarh,Transfer from Bandhavgarh to Umaria railway station,Rai Travels Pvt Ltd,01:00,,1,,1,0,0,,1
Madhya Pradesh,Bandhavgarh,Transfer from Umaria railway station to Bandhavgarh.,Rai Travels Pvt Ltd,01:00,,1,,1,0,0,,1
Madhya Pradesh,Indore,Transfer from Indore airport to hotel,Rai Travels Pvt Ltd,00:45,,1,,1,0,0,,1
Madhya Pradesh,Indore,Transfer from hotel to Indore airport,Rai Travels Pvt Ltd,00:45,,1,,1,0,0,,1
Madhya Pradesh,Indore,Transfer from Indore railway station to hotel,Rai Travels Pvt Ltd,00:45,,1,,1,0,0,,1
Madhya Pradesh,Indore,Transfer from hotel to Indore railway station,Rai Travels Pvt Ltd,00:45,,1,,1,0,0,,1
Madhya Pradesh,Umaria,Transfer from Umaria railway station to Bandhavgarh,Rai Travels Pvt Ltd,01:00,,1,,1,0,0,,1
Kerala,Kochi,Transfer from airport to hotel,Travelcart India Pvt Ltd,02:00,,1,,1,0,0,,1
Kerala,Kochi,Transfer from hotel to airport,Travelcart India Pvt Ltd,02:00,,1,,1,0,0,,1
Kerala,Kochi,Transfer from railway station to hotel,Travelcart India Pvt Ltd,01:15,,1,,1,0,0,,1
Kerala,Kochi,Transfer from hotel to railway station,Travelcart India Pvt Ltd,01:15,,1,,1,0,0,,1
Kerala,Kovalam,Transfer from Kovalam hotel to Thiruvananthapuram airport,Travelcart India Pvt Ltd,00:45,,1,,1,0,0,,1
Kerala,Kovalam,Transfer from Kovalam hotel to Thiruvananthapuram railway station,Travelcart India Pvt Ltd,01:00,,1,,1,0,0,,1
Kerala,Trivandrum,Transfer from airport to hotel,Travelcart India Pvt Ltd,00:30,,1,,1,0,0,,1
Kerala,Trivandrum,Transfer from hotel to airport,Travelcart India Pvt Ltd,00:30,,1,,1,0,0,,1
Kerala,Trivandrum,Transfer from railway station to hotel,Travelcart India Pvt Ltd,00:30,,1,,1,0,0,,1
Kerala,Trivandrum,Transfer from hotel to railway station,Travelcart India Pvt Ltd,00:30,,1,,1,0,0,,1
Kerala,Mararikulam,Transfer from airport to hotel,Travelcart India Pvt Ltd,01:15,,1,,1,0,0,,1
Kerala,Mararikulam,Transfer from hotel to airport,Travelcart India Pvt Ltd,01:15,,1,,1,0,0,,1
Kerala,Kovalam,Transfer from Thiruvananthapuram railway station to Kovalam hotel,Travelcart India Pvt Ltd,01:00,,1,,1,0,0,,1
Kerala,Kovalam,Transfer from Thirivananthapuram airport to Kovalam hotel,Travelcart India Pvt Ltd,00:45,,1,,1,0,0,,1
Kerala,Mararikulam,Transfer from hotel to Kochi airport,Travelcart India Pvt Ltd,02:00,,1,,1,0,0,,1
Kerala,Mararikulam,Transfer from Kochi airport to hoyel,Travelcart India Pvt Ltd,02:00,,1,,1,0,0,,1
Goa,Goa,Transfer from Dwarka Beach Resort to airport,Dwarka Eco Beach Resort,02:00,,1,,1,0,0,,1
Goa,Goa,Transfer from airport to Dwarka Beach Resort,Dwarka Eco Beach Resort,02:00,,1,,1,0,0,,1
Uttarakhand,Haridwar,Transfer from railway station to hotel,India Easy Trip Pvt. Ltd,00:30,,1,,1,0,0,,1
Uttarakhand,Haridwar,Transfer from hotel to railway station,India Easy Trip Pvt. Ltd,00:30,,1,,1,0,0,,1
Uttarakhand,Rishikesh,Transfer from railway station to hotel,India Easy Trip Pvt. Ltd,01:00,,1,,1,0,0,,1
Uttarakhand,Rishikesh,Transfer to hotel to railway station,India Easy Trip Pvt. Ltd,01:00,,1,,1,0,0,,1
Karnataka,Hospet,Transfer from railway station to hotel,Krishna Palace,00:30,,1,,1,0,0,,1
Karnataka,Hospet,Transfer from hotel to railway station,Krishna Palace,00:30,,1,,1,0,0,,1
Goa,Goa,Transfer from Panjim hotel to Yab Yum,Yab Yum Beach Resort,01:00,,1,,1,0,0,,1
Goa,Goa,Transfer from airport to Yab Yum Beach Resort,Yab Yum Beach Resort,02:00,,1,,1,0,0,,1
Goa,Goa,Transfer from Yab Yum Beach Resort to airport,Yab Yum Beach Resort,02:00,,1,,1,0,0,,1
Karnataka,Bangalore,Transfer from hotel to airport,Travelzone,01:30,,1,,1,0,0,,1
Karnataka,Bangalore,Transfer from airport to hotel,Travelzone,01:30,,1,,1,0,0,,1
Karnataka,Bangalore,Transfer from railway station to hotel,Travelzone,00:45,,1,,1,0,0,,1
Karnataka,Bangalore,Transfer from hotel to railway station,Travelzone,00:45,,1,,1,0,0,,1
Karnataka,Mysore,Transfer from railway station to hotel,Travelzone,00:45,,1,,1,0,0,,1
Karnataka,Mysore,Transfer from hotel to railway station,Travelzone,00:45,,1,,1,0,0,,1
West Bengal,Kolkata,Transfer from airport to hotel,Clubside Tours & Travels - Kolkata,01:00,,1,,1,0,0,,1
West Bengal,Kolkata,Transfer from hotel to airport,Clubside Tours & Travels - Kolkata,01:00,,1,,1,0,0,,1
West Bengal,Kolkata,Transfer from railway station to hotel,Clubside Tours & Travels - Kolkata,00:30,,1,,1,0,0,,1
West Bengal,Kolkata,Transfer from hotel to railway station,Clubside Tours & Travels - Kolkata,00:30,,1,,1,0,0,,1
West Bengal,Kolkata,Transfer from airport to Rajbari Bawali,Clubside Tours & Travels - Kolkata,02:00,,1,,1,0,0,,1
West Bengal,Kolkata,Transfer from Rajbari Bawali to airport,Clubside Tours & Travels - Kolkata,02:00,,1,,1,0,0,,1
Uttar Pradesh,Varanasi,Transfer from airport to hotel,Steps India Tours,01:30,,1,,1,0,0,,1
Uttar Pradesh,Varanasi,Transfer from hotel to airport,Steps India Tours,01:30,,1,,1,0,0,,1
Uttar Pradesh,Varanasi,Transfer from railway station to hotel,Steps India Tours,01:00,,1,,1,0,0,,1
Uttar Pradesh,Varanasi,Transfer from hotel to railway station,Steps India Tours,01:00,,1,,1,0,0,,1
Uttar Pradesh,Varanasi,Transfer from Mughal Sarai railway station to hotel,Steps India Tours,01:30,,1,,1,0,0,,1
Uttar Pradesh,Varanasi,Transfer from hotel to Mughal Sarai railway station,Steps India Tours,01:30,,1,,1,0,0,,1
Uttar Pradesh,Varanasi,Transfer from Manduadih railway station to hotel,Steps India Tours,01:00,,1,,1,0,0,,1
Uttar Pradesh,Varanasi,Transfer from hotel to Manduadih railway station,Steps India Tours,01:00,,1,,1,0,0,,1
Assam,Dibrugarh,Transfer from airport to hotel,NE India Safar,01:00,,1,,1,0,0,,1
Assam,Dibrugarh,Transfer from hotel to airport,NE India Safar,01:00,,1,,1,0,0,,1
Assam,Guwahati,Transfer from airport to hotel,NE India Safar,01:00,,1,,1,0,0,,1
Assam,Guwahati,Transfer from hotel to airport,NE India Safar,01:00,,1,,1,0,0,,1
Assam,Guwahati,Transfer from railway station to hotel,NE India Safar,00:45,,1,,1,0,0,,1
Assam,Guwahati,Transfer from hotel to railway station,NE India Safar,00:45,,1,,1,0,0,,1
Assam,Jorhat,Transfer from hotel to airport,NE India Safar,00:30,,1,,1,0,0,,1
Assam,Jorhat,Transfer from airport to hotel,NE India Safar,00:30,,1,,1,0,0,,1
Delhi,Delhi,Transfer from International airport to hotel,Ramico Tours & Travels Pvt. Ltd.,01:00,,1,,1,0,0,,1
Delhi,Delhi,Transfer from hotel to International airport,Ramico Tours & Travels Pvt. Ltd.,01:00,,1,,1,0,0,,1
Delhi,Delhi,Transfer from Domestic airport to hotel,Ramico Tours & Travels Pvt. Ltd.,01:00,,1,,1,0,0,,1
Delhi,Delhi,Transfer from hotel to Domestic airport,Ramico Tours & Travels Pvt. Ltd.,01:00,,1,,1,0,0,,1
Delhi,Delhi,Transfer from railway station to hotel,Ramico Tours & Travels Pvt. Ltd.,00:30,,1,,1,0,0,,1
Delhi,Delhi,Transfer from hotel to railway station,Ramico Tours & Travels Pvt. Ltd.,00:30,,1,,1,0,0,,1
Haryana,Gurgaon,Transfer from Delhi International airport to hotel,Ramico Tours & Travels Pvt. Ltd.,01:00,,1,,1,0,0,,1
Haryana,Gurgaon,Transfer from hotel to Delhi International airport,Ramico Tours & Travels Pvt. Ltd.,01:00,,1,,1,0,0,,1
Haryana,Gurgaon,Transfer from Delhi Domestic airport to hotel,Ramico Tours & Travels Pvt. Ltd.,01:00,,1,,1,0,0,,1
Haryana,Gurgaon,Transfer from hotel to Delhi Domestic airport,Ramico Tours & Travels Pvt. Ltd.,01:00,,1,,1,0,0,,1
Haryana,Gurgaon,Transfer from hotel to Delhi railway station,Ramico Tours & Travels Pvt. Ltd.,01:00,,1,,1,0,0,,1
Haryana,Gurgaon,Transfer from Delhi railway station to hotel,Ramico Tours & Travels Pvt. Ltd.,01:00,,1,,1,0,0,,1
Gujarat,Ahmedabad,Transfer from airport to hotel,Indo West Tours,00:45,,1,,1,0,0,,1
Gujarat,Ahmedabad,Transfer from hotel to airport,Indo West Tours,00:45,,1,,1,0,0,,1
Gujarat,Ahmedabad,Transfer from railway station to hotel,Indo West Tours,00:30,,1,,1,0,0,,1
Gujarat,Ahmedabad,Transfer from hotel to railway station,Indo West Tours,00:30,,1,,1,0,0,,1
Goa,Goa,Transfer from airport to Agonda hotel,The Bay Agonda,02:00,,1,,1,0,0,,1
Goa,Goa,Transfer from Agonda hotel to airport,The Bay Agonda,02:00,,1,,1,0,0,,1
Goa,Goa,Transfer from airport to Mangaal Farm Homestay,Mangaal Farm Homestay,01:30,,1,,1,0,0,,1
Goa,Goa,Transfer from Mangaal Farm Homestay to airport,Mangaal Farm Homestay,01:30,,1,,1,0,0,,1
Goa,Goa,Transfer from Mangaal Farm Homestay to Agonda hotel,Mangaal Farm Homestay,00:30,,1,,1,0,0,,1
Karnataka,Hampi,Transfer from Hospet railway station to Hampi hotel,My Way Tour & Travel,01:00,,1,,1,0,0,,1
Karnataka,Hampi,Transfer from Hampi hotel to Hospet railway station,My Way Tour & Travel,01:00,,1,,1,0,0,,1
Telangana,Hyderabad,Transfer from airport to hotel,Garuda Tourism,01:00,,1,,1,0,0,,1
Telangana,Hyderabad,Transfer from hotel to airport,Garuda Tourism,01:00,,1,,1,0,0,,1
Telangana,Hyderabad,Transfer from railway station to hotel,Garuda Tourism,01:00,,1,,1,0,0,,1
Telangana,Hyderabad,Transfer from hotel to railway station,Garuda Tourism,01:00,,1,,1,0,0,,1
Tamil Nadu,Madurai,Transfer from airport to hotel,South Tourism,00:45,,1,,1,0,0,,1
Tamil Nadu,Madurai,Transfer from hotel to airport,South Tourism,00:45,,1,,1,0,0,,1
Tamil Nadu,Madurai,Transfer from railway station to hotel,South Tourism,00:30,,1,,1,0,0,,1
Tamil Nadu,Madurai,Transfer from hotel to railway station,South Tourism,00:30,,1,,1,0,0,,1
Tamil Nadu,Mamallapuram,Transfer from Chennai railway station to hotel,South Tourism,01:00,,1,,1,0,0,,1
Tamil Nadu,Mamallapuram,Transfer from hotel to Chennai railway station,South Tourism,01:00,,1,,1,0,0,,1
Tamil Nadu,Tiruchirappalli,Airport to hotel,South Tourism,01:00,,1,,1,0,0,,1
Tamil Nadu,Tiruchirappalli,Hotel to airport,South Tourism,01:00,,1,,1,0,0,,1
Tamil Nadu,Chennai,Transfer from airport to hotel,South Tourism,01:30,,1,,1,0,0,,1
Tamil Nadu,Chennai,Transfer from hotel to airport,South Tourism,01:30,,1,,1,0,0,,1
Tamil Nadu,Chennai,Transfer from railway station to hotel,South Tourism,01:30,,1,,1,0,0,,1
Tamil Nadu,Chennai,Transfer from hotel to railway station,South Tourism,01:30,,1,,1,0,0,,1
Tamil Nadu,Mamallapuram,Transfer from Chennai airport to hotel,South Tourism,01:00,,1,,1,0,0,,1
Tamil Nadu,Mamallapuram,Transfer from hotel to Chennai airport,South Tourism,01:00,,1,,1,0,0,,1
Rajasthan,Sawai Madhopur,Transfer from railway station to hotel,Tiger Den Resort,01:00,,1,,1,0,0,,1
Rajasthan,Sawai Madhopur,Transfer from hotel to railway station,Tiger Den Resort,01:00,,1,,1,0,0,,1
Maharashtra,Aurangabad,Transfer from airport to hotel,JK Tours and Travels,00:30,,1,,1,0,0,,1
Maharashtra,Aurangabad,Transfer from hotel to airport,JK Tours and Travels,00:30,,1,,1,0,0,,1
Maharashtra,Aurangabad,Transfer from railway station to hotel,JK Tours and Travels,00:30,,1,,1,0,0,,1
Maharashtra,Aurangabad,Transfer from hotel to railway station,JK Tours and Travels,00:30,,1,,1,0,0,,1
West Bengal,Murshidabad,Transfer from hotel to railway station,Bari Kothi,00:30,,1,,1,0,0,,1
West Bengal,Murshidabad,Transfer from railway station to hotel,Bari Kothi,00:30,,1,,1,0,0,,1
